"Country",1980,1981,1982,1983,1984,1985,1986,1987,1988,1989,1990,1991,1992,1993,1994,1995,1996,1997,1998,1999,2000,2001,2002,2003,2004,2005,2006,2007,2008,2009,2010,2011,2012,2013,2014,2015,2016,2017,2018,2019,2020,2021,2022,2023,2024,2025,2026,2027,2028,2029,
Afghanistan,no data,no data,no data,no data,no data,no data,no data,no data,no data,no data,no data,no data,no data,no data,no data,no data,no data,no data,no data,no data,no data,no data,4.367,4.553,5.146,6.167,6.925,8.556,10.297,12.066,15.325,17.89,20.293,20.17,20.616,20.057,18.02,18.883,18.336,18.876,20.136,14.278,14.501,17.329,no data,no data,no data,no data,no data,no data,
Albania,1.946,2.229,2.296,2.319,2.29,2.339,2.587,2.566,2.53,2.779,2.221,1.333,0.843,1.461,2.361,2.882,3.2,2.225,2.555,3.226,3.488,3.927,4.356,5.561,7.177,8.052,8.896,10.677,12.881,12.044,11.937,12.899,12.324,12.784,13.246,11.389,11.862,13.053,15.157,15.399,15.192,17.984,19.083,22.822,26.13,27.993,29.915,31.853,33.923,36.137,
Algeria,45.957,48.156,48.599,51.582,55.906,66.346,66.783,68.698,56.07,57.041,67.171,50.65,53.414,55.309,46.044,45.654,50.945,52.287,52.297,53.011,59.418,59.413,61.516,73.482,91.914,107.047,123.084,142.483,180.384,150.317,177.785,218.332,227.144,229.701,238.943,187.494,180.764,190.004,194.507,193.361,164.774,185.884,225.631,240.064,260.134,264.27,270.141,275.081,279.617,284.352,
Andorra,no data,no data,no data,no data,no data,no data,no data,no data,no data,no data,no data,no data,no data,no data,no data,no data,no data,no data,no data,no data,1.429,1.547,1.758,2.362,2.896,3.158,3.456,3.952,4.082,3.675,3.446,3.625,3.189,3.193,3.267,2.789,2.895,2.993,3.217,3.155,2.885,3.325,3.376,3.728,3.93,4.071,4.226,4.357,4.494,4.639,
Angola,8.73,8.17,8.17,8.514,9.025,11.119,10.411,11.9,12.909,15.017,16.529,16.022,12.354,8.966,6.529,8.148,10.51,12.344,10.464,9.895,12.646,12.378,17.312,20.342,26.998,41.397,58.654,73.038,98.79,81.705,95.547,125.552,143.573,153.761,164.448,131.661,114.764,139.835,114.189,94.671,66.521,84.375,141.941,109.678,113.286,118.409,124.169,133.22,141.459,150.679,
Antigua and Barbuda,0.132,0.149,0.166,0.185,0.212,0.246,0.298,0.347,0.411,0.455,0.479,0.504,0.525,0.566,0.625,0.616,0.679,0.734,0.79,0.836,0.901,0.878,0.898,0.948,1.026,1.144,1.304,1.487,1.558,1.386,1.298,1.287,1.365,1.325,1.379,1.438,1.49,1.531,1.662,1.725,1.411,1.601,1.868,2.044,2.292,2.437,2.554,2.678,2.805,2.939,
Argentina,233.696,189.802,94.25,116.267,130.544,98.599,118.565,121.561,142.386,91.352,158.024,211.979,255.787,264.429,287.835,288.497,304.282,327.436,334.244,316.998,317.759,300.421,112.458,142.431,164.911,199.273,232.892,287.921,363.545,334.633,424.729,527.644,579.666,611.471,563.614,642.464,556.774,643.861,524.431,446.762,385.218,486.04,632.318,645.511,604.382,574.201,611.292,647.758,682.87,713.896,
Armenia,no data,no data,no data,no data,no data,no data,no data,no data,no data,no data,no data,no data,0.108,0.835,0.648,1.287,1.597,1.639,1.892,1.845,1.912,2.118,2.376,2.807,3.577,4.9,6.384,9.206,11.662,8.648,9.26,10.142,10.619,11.121,11.61,10.553,10.546,11.527,12.458,13.619,12.642,13.879,19.514,24.086,25.251,26.578,27.418,28.941,30.929,33.203,
Aruba,no data,no data,no data,no data,no data,no data,no data,no data,no data,no data,no data,no data,no data,no data,no data,1.321,1.38,1.532,1.665,1.723,1.873,1.896,1.962,2.044,2.255,2.36,2.47,2.678,2.843,2.554,2.454,2.638,2.615,2.728,2.791,2.963,2.984,3.092,3.276,3.396,2.559,3.103,3.545,3.945,4.258,4.445,4.602,4.761,4.924,5.093,
Australia,162.936,188.423,187.062,179.49,197.15,174.397,181.49,213.115,271.107,308.406,324.124,324.416,318.001,309.288,353.374,379.172,424.744,426.342,381.483,411.976,400.303,378.077,425.477,541.191,658.776,736.434,783.451,950.092,1056.574,1000.837,1254.689,1515.589,1570.323,1520.13,1457.357,1234.457,1263.667,1382.668,1419.28,1388.092,1364.828,1658.439,1724.034,1740.622,1802.006,1881.14,1965.385,2040.963,2125.575,2219.941,
Austria,80.923,70.121,70.111,71.032,67.007,68.624,97.375,121.771,133.591,133.263,166.866,174.435,195.506,190.383,203.97,241.234,237.343,213.045,218.557,217.475,197.377,197.51,214.243,262.208,301.321,316.267,336.298,389.231,432.005,401.323,392.595,431.609,409.661,430.197,442.699,382.01,395.728,417.114,455.198,444.645,434.701,479.614,471.374,517.662,535.804,559.218,584.462,605.492,624.408,643.252,
Azerbaijan,no data,no data,no data,no data,no data,no data,no data,no data,no data,no data,no data,no data,1.193,1.309,2.258,2.417,3.177,4.317,4.28,4.581,5.273,5.475,6.232,7.276,8.682,13.239,20.983,33.05,48.852,44.297,52.909,65.952,69.684,74.164,75.235,52.997,37.83,41.375,47.113,48.174,42.693,54.825,78.807,72.356,75.649,77.041,80.407,84.138,88.41,93.196,
"Bahamas, The",2.598,2.692,3.031,3.373,3.603,3.923,4.241,4.669,4.855,5.473,5.218,5.128,5.125,5.097,5.372,5.653,5.95,6.332,6.833,7.684,8.076,8.318,8.881,8.87,9.055,9.836,10.167,10.618,10.526,9.982,10.096,10.07,10.72,10.396,10.974,11.672,11.745,12.237,12.616,13.016,9.958,11.369,13.136,14.338,14.825,15.342,15.878,16.42,17.006,17.623,
Bahrain,3.745,4.228,4.445,4.554,4.727,4.46,3.49,3.78,4.672,4.873,5.176,5.43,5.673,6.241,6.683,7.075,7.357,7.629,7.293,7.905,9.448,9.579,10.001,11.546,13.709,16.647,19.291,22.653,26.803,23.913,26.806,29.915,31.963,33.823,34.773,32.523,33.885,37.205,39.568,40.447,35.838,40.84,46.68,46.08,47.812,49.535,51.694,53.999,56.495,59.235,
Bangladesh,24.775,26.355,24.678,23.904,26.817,28.819,29.639,32.449,34.914,38.07,41.068,42.488,43.292,43.684,46.438,51.842,55.445,57.599,59.879,61.526,61.687,62.537,65.036,71.755,77.152,79.53,86.028,95.374,109.765,122.76,138.094,154.097,159.749,179.676,207.102,233.687,265.236,293.755,321.379,351.238,373.902,416.265,460.201,451.534,451.468,481.856,540.62,591.936,650.46,719.246,
Barbados,1.048,1.154,1.205,1.28,1.395,1.46,1.603,1.765,1.877,2.077,2.084,2.092,2.015,2.136,2.227,2.348,2.515,2.667,3.057,3.21,3.312,3.306,3.364,3.479,3.754,4.213,4.702,5.273,5.401,5.064,5.138,5.302,5.233,5.338,5.366,5.288,5.331,5.517,5.63,5.788,5.168,5.275,6.257,6.721,7.201,7.647,8.04,8.44,8.85,9.286,
Belarus,no data,no data,no data,no data,no data,no data,no data,no data,no data,no data,no data,no data,12.8,11.408,15.687,10.532,14.494,14.091,15.215,12.133,10.785,12.778,15.092,18.42,23.928,31.239,38.219,46.815,62.798,50.855,57.22,61.368,65.669,75.496,78.736,56.329,47.703,54.723,60.011,64.414,61.312,68.207,72.835,71.792,73.129,76.873,80.269,83.735,87.685,91.426,
Belgium,123.478,102.245,89.958,85.037,81.237,84.467,117.063,145.411,158.097,159.816,200.149,205.369,228.732,218.72,238.622,288.301,279.292,253.022,258.876,258.5,236.897,236.748,258.2,318.004,369.047,385.927,408.281,470.978,517.27,482.73,481.814,523.239,496.467,521.799,535.529,462.383,475.931,502.587,543.546,535.925,525.6,601.305,584.073,632.399,662.183,689.364,712.129,731.863,752.545,775.427,
Belize,0.223,0.232,0.232,0.244,0.273,0.271,0.295,0.345,0.407,0.47,0.533,0.578,0.672,0.726,0.75,0.796,0.828,0.845,0.892,0.95,1.082,1.129,1.199,1.267,1.356,1.427,1.584,1.699,1.732,1.681,1.739,1.819,1.9,2.022,2.125,2.195,2.241,2.267,2.293,2.387,2.048,2.425,2.831,3.069,3.342,3.488,3.617,3.743,3.87,3.997,
Benin,2.302,1.557,1.542,1.365,1.456,1.58,2.036,2.43,2.552,2.37,2.89,2.954,3.284,3.199,2.227,2.993,3.251,3.124,3.362,3.681,3.522,3.666,4.191,5.348,6.187,6.571,7.034,8.17,9.787,9.728,9.543,10.691,11.148,12.518,13.288,11.389,11.818,12.697,14.257,14.392,15.674,17.699,17.439,19.679,21.322,23.066,24.962,26.999,29.162,31.464,
Bhutan,0.132,0.143,0.15,0.162,0.168,0.174,0.197,0.238,0.273,0.272,0.293,0.254,0.248,0.26,0.263,0.308,0.324,0.362,0.398,0.418,0.454,0.474,0.517,0.616,0.7,0.818,0.876,1.071,1.353,1.274,1.511,1.842,1.931,1.967,1.933,2.126,2.218,2.445,2.651,2.618,2.586,2.623,2.869,2.908,3.151,3.516,3.894,4.259,4.668,5.177,
Bolivia,3.589,3.44,3.813,3.609,3.752,4.059,3.97,4.323,4.598,4.716,4.868,5.335,5.635,5.724,5.974,6.707,7.385,7.919,8.49,8.269,8.385,8.155,7.917,8.092,8.785,9.573,11.52,13.216,16.792,17.464,19.786,24.135,27.282,30.883,33.237,33.241,34.189,37.782,40.581,41.193,36.897,40.701,44.329,45.468,48.172,51.302,54.462,57.859,61.454,65.257,
Bosnia and Herzegovina,no data,no data,no data,no data,no data,no data,no data,no data,no data,no data,no data,no data,no data,no data,no data,no data,3.584,4.578,5.281,5.766,5.554,5.784,6.711,8.477,10.157,10.935,12.46,15.323,18.712,17.601,17.164,18.629,17.207,18.155,18.522,16.404,17.117,18.326,20.484,20.483,20.226,23.673,24.535,27.055,28.404,29.864,31.499,33.046,34.769,36.868,
Botswana,1.174,1.037,1.094,1.208,1.2,1.117,1.515,2.374,3.082,3.441,3.799,3.802,3.928,3.957,4.258,4.805,4.926,5.011,4.808,5.413,5.682,5.46,5.395,7.469,8.819,9.833,9.919,10.566,10.731,10.118,12.637,15.111,13.907,14.272,15.47,13.531,15.083,16.105,17.032,16.696,14.93,18.751,20.322,19.396,19.966,22.115,24.139,26.055,28.11,30.598,
Brazil,145.819,167.583,179.166,143.652,142.957,226.938,263.256,286.539,320.105,439.434,455.335,399.249,382.465,429.184,546.764,770.86,851.146,883.862,864.307,599.642,655.454,559.982,509.798,558.232,669.29,891.633,1107.628,1397.114,1695.855,1669.204,2208.704,2614.027,2464.053,2471.718,2456.055,1800.046,1796.622,2063.519,1916.934,1873.286,1476.092,1670.65,1951.849,2173.671,2188.419,2307.162,2444.937,2571.539,2709.595,2854.978,
Brunei Darussalam,no data,no data,no data,no data,no data,4.831,3.291,3.872,3.689,4.109,4.923,5.254,5.526,5.588,6.002,7.153,7.204,7.043,5.353,5.779,6.65,6.206,6.475,7.266,8.723,10.561,12.71,13.571,15.949,11.892,13.707,18.525,19.048,18.094,17.098,12.93,11.4,12.128,13.567,13.469,12.006,14.006,16.682,15.126,15.71,16.679,17.416,18.02,18.807,19.744,
Bulgaria,37.751,40.718,42.467,43.641,46.358,39.692,35.13,40.721,66.546,67.774,29.882,2.928,11.882,6.449,11.338,18.992,12.295,11.317,15.031,13.628,13.246,14.183,16.403,21.146,26.158,29.868,34.38,44.432,54.476,52.024,50.69,57.682,54.297,55.82,57.081,50.766,53.929,59.288,66.398,68.889,70.311,84.1,90.422,101.611,108.425,115.531,121.858,128.062,134.1,140.758,
Burkina Faso,2.386,2.076,1.934,1.767,1.579,1.746,2.29,2.665,2.942,2.942,3.488,3.526,3.775,3.599,2.164,2.676,2.909,2.753,3.155,3.388,2.961,3.19,3.62,4.74,5.449,6.15,6.548,7.627,9.45,9.44,10.118,12.078,12.569,13.444,13.947,11.833,12.829,14.094,15.916,16.031,17.754,19.654,18.906,20.283,21.858,23.562,25.362,27.148,29.1,31.226,
Burundi,0.951,0.989,1.045,1.106,1.005,1.17,1.233,1.161,1.088,1.131,1.131,1.167,1.082,0.938,0.924,1,0.868,0.972,0.893,0.866,0.87,0.877,0.825,0.785,0.915,1.117,1.273,1.356,1.612,1.775,2.032,2.236,2.333,2.456,2.706,3.104,2.96,3.172,3.037,3.012,3.086,3.351,3.917,4.241,4.285,2.154,2.386,2.619,2.871,3.099,
Cabo Verde,0.157,0.154,0.149,0.144,0.146,0.164,0.212,0.264,0.322,0.332,0.413,0.443,0.479,0.431,0.45,0.57,0.611,0.609,0.648,0.693,0.699,0.791,0.867,1.105,1.263,1.395,1.452,1.65,1.96,1.852,1.825,2.047,1.913,2.029,2.042,1.75,1.855,1.965,2.073,2.231,1.831,2.053,2.309,2.588,2.756,2.936,3.143,3.348,3.564,3.796,
Cambodia,no data,no data,no data,no data,no data,no data,0.205,0.141,0.276,0.346,0.898,2.007,2.435,2.422,2.76,3.43,3.509,3.462,3.132,3.522,3.707,4.154,4.507,5.054,5.879,7.058,8.342,10.117,12.162,12.49,13.796,16.017,17.829,19.806,22.04,24.217,26.591,29.394,33.181,36.682,34.898,36.797,39.838,43.304,47.147,51.159,55.746,60.688,66.005,71.761,
Cameroon,8.85,10.026,9.616,9.692,10.243,10.698,13.945,16.152,16.403,14.626,14.641,16.325,14.963,15.611,10.622,10.075,11.227,11.352,11.338,11.553,10.245,10.95,12.369,15.944,18.803,19.534,20.912,23.931,27.712,27.903,27.53,30.626,30.174,33.729,36.396,32.213,33.805,36.086,39.992,39.673,40.863,45.036,44.442,49.287,53.391,57.746,62.079,66.361,71.204,76.417,
Canada,276.064,307.246,314.639,341.863,356.728,366.184,379.015,433.14,509.38,567.225,596.089,612.514,594.376,579.059,579.913,605.941,630.598,655.01,634.004,678.417,744.631,738.968,760.149,895.599,1026.473,1173.505,1319.356,1468.896,1552.864,1376.509,1617.345,1793.327,1828.362,1846.595,1805.751,1556.508,1527.996,1649.266,1725.3,1743.725,1655.685,2007.472,2161.483,2142.471,2214.796,2330.308,2445.95,2559.321,2675.974,2793.495,
Central African Republic,0.714,0.743,0.719,0.69,0.67,0.883,1.158,1.275,1.372,1.354,1.572,1.498,1.494,1.309,0.858,1.117,1,0.979,1.036,1.039,0.868,0.899,0.983,1.188,1.31,1.413,1.538,1.755,2.033,2.059,2.141,2.435,2.512,1.692,1.896,1.696,1.825,2.072,2.28,2.278,2.389,2.585,2.46,2.631,2.823,3.026,3.267,3.494,3.729,3.979,
Chad,1.006,1.19,1.15,1.151,1.236,1.34,1.65,1.87,2.186,2.065,2.488,2.465,2.57,2.246,1.819,2.23,2.479,2.382,2.69,2.37,2.142,2.638,3.076,4.227,6.816,9.097,10.249,11.993,14.354,12.998,14.289,16.237,16.174,16.92,18.213,14.508,13.4,13.344,15.334,14.917,14.615,15.933,16.261,17.605,18.67,19.647,20.866,21.973,23.216,24.517,
Chile,29.032,34.374,25.63,20.819,20.246,17.36,18.662,22.01,25.947,29.889,33.231,38.249,46.597,49.855,57.517,74.119,78.575,85.73,81.996,75.596,78.25,71.517,70.295,76.508,99.079,122.315,153.84,172.565,179.663,171.794,217.105,251.225,267.165,277.218,259.394,242.515,249.306,276.357,295.428,278.04,254.06,315.601,302.16,335.642,328.72,362.24,379.154,396.045,413.373,431.958,
"China, People's Republic of",303.004,288.699,284.601,305.428,314.23,310.133,300.92,327.728,408.663,458.18,396.59,413.209,492.148,617.433,561.686,730.996,860.468,957.991,1024.167,1088.346,1205.532,1333.649,1465.829,1656.962,1949.446,2290.019,2754.149,3555.655,4577.28,5088.992,6033.83,7492.212,8539.584,9624.928,10524.241,11113.508,11226.897,12265.327,13841.812,14340.6,14862.564,17759.307,17848.54,17758.046,18273.357,19534.894,20810.882,22050.806,23319.715,24589.667,
Colombia,46.501,50.661,54.252,53.92,53.257,48.581,48.648,50.64,54.592,55.048,56.071,57.954,68.579,77.721,97.665,110.564,116.13,127.49,117.725,103.132,99.27,97.606,97.353,94.072,116.382,145.601,161.793,206.229,242.504,232.469,286.498,334.966,370.691,382.093,381.24,293.493,282.72,311.889,334.124,323.055,270.348,318.525,345.33,363.57,417.207,419.331,440.295,462.301,486.406,511.227,
Comoros,0.243,0.213,0.202,0.196,0.189,0.192,0.258,0.313,0.336,0.329,0.402,0.401,0.437,0.428,0.315,0.393,0.392,0.363,0.364,0.372,0.34,0.373,0.427,0.547,0.622,0.656,0.689,0.796,0.916,0.904,0.909,1.023,1.016,1.116,1.15,0.966,1.013,1.077,1.179,1.188,1.218,1.273,1.225,1.34,1.45,1.535,1.637,1.737,1.839,1.947,
"Congo, Dem. Rep. of the",68.606,59.726,64.939,52.378,34.951,31.943,35.84,33.932,39.314,40.006,41.448,40.25,36.333,47.45,25.746,25.021,32.099,28.819,21.089,19.147,19.077,7.246,8.72,9.022,10.275,12.72,15.403,18.598,22.665,18.626,22.34,26.406,30.074,34.908,38.355,40.154,38.086,39.461,48.037,50.891,49.613,57.592,65.768,66.923,72.483,79.237,84.463,90.105,95.147,100.512,
"Congo, Republic of ",2.165,1.775,1.548,1.407,1.294,1.327,1.815,2.205,2.346,2.478,2.909,3.035,3.28,3.004,2.068,2.457,2.84,2.568,2.24,2.646,3.624,3.038,3.33,3.863,5.101,6.654,8.073,8.784,11.649,9.713,13.159,15.653,17.704,17.959,17.918,11.891,10.928,11.83,14.781,13.977,11.485,13.387,13.967,14.169,15.044,15.92,16.817,17.737,18.82,20.148,
Costa Rica,4.854,2.636,2.619,3.162,3.678,3.941,4.425,4.554,4.636,5.25,5.737,7.197,8.566,9.586,10.489,11.578,11.683,12.618,13.688,14.259,15.016,15.979,16.584,17.277,18.615,20.049,22.717,26.885,30.802,30.746,37.656,42.762,47.231,50.949,52.017,56.442,58.847,60.517,62.422,64.412,62.382,64.954,69.235,86.509,95.149,100.67,106.796,113.212,120.01,127.08,
Croatia,no data,no data,no data,no data,no data,no data,no data,no data,no data,no data,no data,no data,0.568,7.355,16.663,20.65,22.097,22.094,23.963,23.585,22.138,23.063,26.739,35.249,41.836,45.05,49.601,59.325,68.515,62.028,58.886,62.756,57.447,59.592,59.506,51.016,52.726,56.302,61.886,61.871,58.179,69.651,72.059,82.711,89.665,96.028,101.551,106.368,111.485,116.917,
Cyprus,2.314,2.242,2.319,2.321,2.447,2.611,3.317,3.979,4.589,4.901,6.003,6.195,7.424,7.098,8.004,9.937,10.016,9.544,10.251,10.502,9.988,10.397,11.422,14.552,17.328,18.713,20.422,24.082,27.955,26.02,25.821,27.637,25.063,23.96,23.232,19.911,21.041,22.938,25.609,25.95,25.207,29.502,29.274,32.239,34.79,37.689,39.813,41.878,44.017,46.35,
Czech Republic,no data,no data,no data,no data,no data,no data,no data,no data,no data,no data,no data,no data,no data,no data,no data,60.565,67.805,62.53,67.161,65.586,62.171,68.136,82.596,100.471,120.148,137.264,156.236,189.845,236.82,207.095,211.169,231.429,210.363,213.024,210.911,189.108,198.161,221.564,251.992,256.794,251.11,290.973,301.831,343.208,342.992,360.233,377.338,392.318,408.002,424.725,
CÃ´te d'Ivoire,13.877,11.502,10.32,9.312,9.284,9.47,12.675,13.944,14.092,13.487,14.923,14.504,15.416,15.268,11.492,15.205,16.78,16.203,17.433,17.114,14.851,15.485,17.148,21.206,22.924,23.626,24.628,28.158,33.621,33.693,34.431,35.529,37.03,43.228,48.882,45.815,48.408,52.512,58.522,60.383,63.119,72.833,70.324,78.887,86.993,95.462,103.94,113.758,123.482,133.761,
Denmark,70.811,61.46,60.084,60.331,58.869,62.452,87.749,109.183,115.54,112.312,138.219,139.182,152.966,143.11,156.019,184.85,187.482,173.242,176.876,177.887,164.043,164.881,178.788,218.422,251.988,265.15,283.387,320.213,354.977,322.621,322.346,344.316,326.793,344.631,352.833,301.759,312.182,331.611,355.293,345.402,355.631,408.378,401.946,407.092,412.293,431.228,448.531,465.97,484.417,503.673,
Djibouti,no data,no data,no data,no data,no data,no data,no data,no data,no data,no data,0.635,0.65,0.672,0.655,0.691,0.699,0.694,0.706,0.722,0.759,0.781,0.811,0.837,0.882,0.936,0.996,1.08,1.191,1.382,1.426,1.544,1.74,1.901,2.044,2.221,2.424,2.605,2.763,2.913,3.089,3.185,3.386,3.726,4.011,4.334,4.665,5.041,5.426,5.846,6.235,
Dominica,0.073,0.082,0.09,0.099,0.109,0.119,0.135,0.152,0.171,0.185,0.201,0.22,0.234,0.246,0.264,0.275,0.292,0.303,0.322,0.332,0.333,0.34,0.333,0.343,0.367,0.364,0.39,0.421,0.458,0.489,0.494,0.501,0.486,0.498,0.52,0.541,0.576,0.522,0.555,0.612,0.504,0.555,0.607,0.654,0.703,0.748,0.788,0.827,0.867,0.905,
Dominican Republic,8.672,9.698,9.141,9.461,14.87,6.496,7.891,8.305,7.605,8.589,7.995,9.887,11.605,13.081,14.645,16.637,18.242,20.017,21.672,22.137,24.306,25.602,27.249,21.518,22.506,35.948,37.998,44.067,48.206,48.319,53.921,58.088,60.747,62.758,67.264,71.254,75.777,80.082,85.63,89.032,78.923,94.458,113.873,121.785,126.238,135.545,145.399,155.87,167.089,179.03,
Ecuador,16.116,16.501,16.474,14.478,15.408,18.02,13.222,12.355,11.749,11.531,11.71,13.139,14.367,16.783,20.238,21.98,23.001,25.847,26.292,18.891,17.531,23.127,27.054,30.965,35.195,40.279,45.691,49.849,61.139,60.095,68.151,78.987,87.735,96.57,102.718,97.21,97.671,104.467,107.479,107.596,95.865,107.435,116.586,118.845,121.425,125.658,129.682,134.808,140.267,145.992,
Egypt,23.523,25.76,30.479,37.254,41.888,48.841,54.076,77.359,92.53,115.362,96.087,48.431,44.168,49.526,54.55,63.25,71.118,79.777,89.189,95.039,104.752,102.273,90.261,85.163,82.855,94.127,112.902,137.055,170.797,198.316,230.024,247.726,294.482,303.194,321.634,350.119,351.443,246.826,263.156,317.894,382.525,423.3,475.231,393.828,380.044,345.874,387.243,431.16,479.957,533.467,
El Salvador,3.912,3.449,3.406,3.261,2.385,2.319,2.335,2.374,2.771,3.167,4.818,5.252,5.813,6.68,7.679,8.922,9.586,10.222,10.937,11.284,11.785,12.283,12.664,13.244,13.725,14.698,16,17.012,17.987,17.602,18.448,20.284,21.386,21.991,22.593,23.438,24.191,24.979,26.021,26.881,24.921,29.043,31.989,34.016,35.848,37.843,39.598,41.434,43.383,45.446,
Equatorial Guinea,0.032,0.03,0.035,0.04,0.044,0.074,0.091,0.111,0.119,0.105,0.133,0.132,0.16,0.162,0.12,0.169,0.276,0.526,0.44,0.738,1.159,1.674,2.07,3.733,5.935,8.191,10.096,13.091,19.828,15.072,16.328,21.354,22.403,21.949,21.771,13.187,11.238,12.197,13.309,11.365,9.908,12.222,13.516,11.975,12.884,12.918,13.386,13.73,13.58,14.271,
Eritrea,no data,no data,no data,no data,no data,no data,no data,no data,no data,no data,no data,no data,0.606,0.374,0.433,0.483,0.579,0.594,0.626,0.614,0.547,0.582,0.564,0.673,0.858,0.85,0.937,1.02,0.923,1.297,1.59,2.065,2.255,1.958,2.604,2.016,2.213,1.904,2.006,1.982,no data,no data,no data,no data,no data,no data,no data,no data,no data,no data,
Estonia,no data,no data,no data,no data,no data,no data,no data,no data,no data,no data,no data,no data,no data,1.791,2.507,3.909,4.785,5.16,5.678,5.771,5.707,6.274,7.393,9.894,12.161,14.129,17.049,22.478,24.434,19.694,19.569,23.3,23.252,25.451,27.063,23.314,24.554,27.46,31.237,31.877,31.791,37.222,38.401,41.297,43.044,45.309,47.58,49.576,51.735,54.062,
Eswatini,0.754,0.798,0.714,0.734,0.628,0.497,0.635,0.831,0.986,1.006,1.237,1.285,1.425,1.497,1.621,1.932,1.83,1.957,1.797,1.764,1.739,1.544,1.436,2.198,2.774,3.177,3.293,3.465,3.298,3.596,4.438,4.826,4.887,4.6,4.426,4.061,3.815,4.407,4.667,4.495,3.984,4.851,4.791,4.856,5.145,5.422,5.677,5.908,6.153,6.393,
Ethiopia,7.385,7.578,7.973,8.863,8.375,9.808,10.188,10.89,11.285,11.872,12.595,13.928,14.696,9.143,8.135,7.887,8.794,8.621,7.815,7.515,8.167,8.103,7.828,8.604,10.122,12.387,15.31,19.329,26.25,28.672,26.887,30.48,42.221,46.544,54.165,63.081,72.12,76.841,80.207,92.608,96.611,99.269,118.968,159.747,145.031,120.913,138.354,157.97,179.189,201.58,
Fiji,1.303,1.339,1.293,1.217,1.276,1.236,1.398,1.276,1.202,1.281,1.448,1.5,1.659,1.772,1.977,2.134,2.307,2.268,1.795,2.104,1.824,1.798,1.996,2.509,2.954,3.257,3.361,3.688,3.816,3.106,3.402,4.094,4.303,4.539,4.857,4.682,4.93,5.353,5.581,5.444,4.432,4.305,4.97,5.442,5.773,6.081,6.415,6.767,7.136,7.516,
Finland,53.714,52.62,53.111,51.056,53.032,56.223,73.652,91.775,109.255,119.106,141.726,128.215,113.139,89.177,103.621,134.21,132.046,127.027,134.164,135.369,126.023,129.521,140.262,171.57,197.369,204.973,217.056,256.39,285.667,253.206,249.633,275.079,257.606,270.272,273.549,233.234,238.712,253.757,273.993,267.044,269.784,294.419,280.462,295.618,306.083,319.989,333.638,345.727,358.352,371.296,
France,695.475,612.552,581.254,555.956,526.671,551.596,766.302,927.257,1012.843,1017.702,1260.874,1263.244,1392.563,1315.795,1388.477,1596.25,1599.248,1451.058,1498.974,1488.392,1361.56,1370.386,1491.373,1834.637,2108.835,2193.358,2317.985,2656.13,2926.483,2697.144,2648.391,2869.903,2684.706,2816.119,2861.973,2442.731,2469.726,2587.955,2782.838,2723.094,2645.806,2968.405,2798.502,3052.712,3174.099,3283.429,3398.061,3500.28,3612.349,3725.937,
Gabon,4.559,4.111,3.853,3.689,3.547,3.736,4.889,3.699,4.079,4.458,6.339,5.754,5.955,5.757,4.463,5.281,6.064,5.673,4.774,4.966,5.397,5.023,5.332,6.51,7.767,9.468,10.164,12.457,15.57,12.188,14.384,18.207,17.181,17.596,18.209,14.385,14.02,14.924,16.83,16.875,15.364,19.455,20.485,20.059,20.897,20.974,21.503,22.063,22.695,23.382,
"Gambia, The",0.606,0.579,0.548,0.551,0.396,0.482,0.376,0.504,0.585,0.614,0.721,0.76,0.82,0.878,0.87,0.909,0.949,0.983,1.009,1.036,1.01,1.002,0.887,0.843,0.962,1.028,1.054,1.28,1.562,1.45,1.543,1.41,1.415,1.376,1.229,1.355,1.47,1.498,1.662,1.806,1.809,2.045,2.161,2.361,2.693,3.014,3.241,3.427,3.633,3.912,
Georgia,no data,no data,no data,no data,no data,no data,no data,no data,no data,no data,no data,no data,no data,no data,0.85,1.961,3.148,3.608,3.73,2.898,3.144,3.311,3.493,4.103,5.269,6.59,7.979,10.458,13.158,11.069,12.425,15.475,16.894,17.516,17.966,15.223,15.445,16.472,17.905,17.645,16.013,18.849,24.985,30.536,33.191,35.908,38.602,41.502,44.235,47.409,
Germany,856.833,720.895,696.088,694.447,654.289,663.459,947.583,1179.165,1271.263,1262,1604.497,1882.489,2146.14,2080.092,2220.165,2595.269,2507.448,2221.504,2250.847,2216.072,1967.85,1966.395,2100.865,2534.081,2851.023,2894.992,3046.47,3484.467,3808.369,3476.022,3470.987,3824.155,3600.175,3808.142,3966.823,3423.915,3536.808,3761.764,4053.846,3957.645,3936.989,4351.188,4166.872,4527.009,4710.032,4921.563,5117.18,5267.977,5415.468,5566.083,
Ghana,37.35,60.694,70.406,47.317,17.113,15.255,14.072,11.777,12.523,12.733,14.749,16.506,16.312,13.348,12.32,14.61,15.482,15.794,17.166,17.766,11.47,12.234,14.205,17.528,20.302,24.6,28.883,34.044,38.659,34.601,43.327,53.849,56.854,63.702,54.417,49.437,56.144,60.385,67.274,68.352,70.005,79.599,73.956,76.402,75.307,75.761,81.054,86.817,92.778,99.054,
Greece,57.01,52.605,54.878,49.603,48.329,47.936,56.421,65.682,76.447,79.25,97.963,105.633,116.466,109.022,116.678,136.941,145.872,143.327,144.644,149.412,132.198,136.31,154.455,202.319,240.854,248.012,273.561,318.94,355.87,330.949,297.368,282.946,242.183,238.911,235.519,195.703,193.095,199.774,212.146,205.275,188.329,214.811,217.753,238.275,252.732,265.171,275.854,284.996,294.529,304.436,
Grenada,0.111,0.116,0.125,0.132,0.146,0.168,0.188,0.215,0.236,0.267,0.278,0.301,0.31,0.31,0.325,0.342,0.367,0.392,0.446,0.482,0.52,0.52,0.54,0.591,0.599,0.695,0.699,0.759,0.826,0.771,0.771,0.779,0.8,0.843,0.911,0.997,1.062,1.126,1.167,1.213,1.043,1.123,1.231,1.324,1.393,1.479,1.558,1.632,1.709,1.79,
Guatemala,7.718,8.431,8.539,8.864,9.276,10.951,5.921,6.857,7.426,8.561,7.535,9.174,10.138,11.045,12.482,14.05,14.992,16.982,18.461,17.422,18.124,19.735,21.924,23.092,24.977,28.179,31.308,35.028,40.242,37.997,41.493,47.419,49.902,52.989,57.835,62.18,66.034,71.624,73.331,77.156,77.718,86.467,95.631,104.436,112.369,120.964,130.469,140.853,152.049,164.142,
Guinea,2.4,2.381,2.335,2.284,2.327,2.473,2.675,2.84,3.317,3.384,3.71,4.195,4.57,4.562,4.707,5.139,5.316,5.212,5.003,4.798,4.039,3.806,4.022,4.759,5.012,4.506,4.178,6.317,6.966,6.753,6.858,6.775,7.387,8.376,8.777,8.79,8.604,10.325,11.857,13.443,14.089,16.32,19.589,23.005,25.474,27.295,29.117,31.099,33.236,35.503,
Guinea-Bissau,0.289,0.37,0.421,0.475,0.33,0.485,0.474,0.401,0.374,0.449,0.548,0.772,0.846,0.653,0.361,0.778,0.741,0.704,0.592,0.58,0.392,0.413,0.466,0.553,0.582,0.64,0.635,0.753,0.953,0.889,0.941,1.157,1.05,1.11,1.136,1.153,1.245,1.469,1.555,1.487,1.523,1.722,1.721,2.005,2.188,2.355,2.551,2.748,2.95,3.169,
Guyana,0.842,0.808,0.692,0.703,0.654,0.697,0.789,0.728,0.828,0.832,0.685,0.744,0.823,1.003,1.176,1.332,1.495,1.587,1.5,1.488,1.497,1.504,1.555,1.592,1.657,1.712,1.899,2.225,2.491,2.596,2.889,3.328,4.063,4.168,4.128,4.28,4.483,4.748,4.788,5.174,5.471,7.662,14.529,17.05,23.033,24.483,28.366,29.4,30.55,31.81,
Haiti,2.664,2.932,3.05,3.273,3.627,4.028,4.475,2.205,1.45,1.34,1.706,1.53,0.918,1.107,3.054,4.846,5,5.748,6.408,7.148,6.81,6.285,6.064,4.866,6.037,7.186,7.507,9.522,10.488,11.598,11.852,13.009,13.709,14.904,15.137,14.831,13.996,15.036,16.454,14.787,14.508,21.017,19.826,19.603,26.274,30.57,33.125,34.106,35.613,37.444,
Honduras,3.968,4.044,4.267,4.477,4.915,5.278,5.678,6.191,6.877,7.877,4.923,4.649,4.944,4.961,4.642,5.415,5.217,5.736,6.366,6.417,7.104,7.568,7.775,8.139,8.769,9.672,10.843,12.276,13.789,14.486,15.73,17.59,18.399,18.37,19.617,20.834,21.564,22.982,23.907,24.711,23.19,27.95,31.233,34.229,36.735,38.983,41.121,43.494,46.039,48.748,
Hong Kong SAR,28.862,31.055,32.291,29.907,33.511,35.7,41.076,50.623,59.708,68.79,76.929,88.96,104.272,120.354,135.812,144.652,159.718,177.349,168.858,165.734,171.643,169.381,166.336,161.37,169.085,181.556,193.515,211.583,219.279,214.048,228.639,248.514,262.629,275.697,291.46,309.386,320.86,341.271,361.731,363.075,344.941,368.954,358.681,380.812,401.751,422.057,441.629,463.963,486.511,510.548,
Hungary,23.042,23.629,24.064,21.839,21.174,21.441,24.698,27.144,29.703,30.323,34.366,34.754,38.731,40.125,43.167,46.426,46.659,47.297,48.707,49.073,47.218,53.75,67.609,85.285,104.121,113.211,115.716,140.187,158.326,131.069,132.175,141.942,128.814,135.684,141.034,125.174,128.61,143.112,160.566,164.011,157.289,182.11,177.788,212.464,228.806,245.619,260.718,275.757,292.44,309.882,
Iceland,3.434,3.543,3.251,2.793,2.892,3.009,4.014,5.561,6.145,5.7,6.504,6.949,7.105,6.225,6.393,7.124,7.426,7.57,8.504,8.982,9.026,8.235,9.318,11.429,13.825,16.853,17.465,21.653,18.075,13.154,13.751,15.222,14.752,16.125,17.868,17.517,20.793,24.728,26.261,24.681,21.63,25.825,28.77,31.325,32.919,35.378,38.088,41.066,44.274,47.728,
India,186.17,193.153,200.035,218.218,211.843,233.52,248.398,278.864,294.479,296.043,320.979,270.105,288.21,279.295,327.275,360.281,392.902,415.895,421.378,458.821,468.396,485.44,514.938,607.701,709.152,820.385,940.26,1216.736,1198.895,1341.889,1675.615,1823.052,1827.637,1856.721,2039.127,2103.588,2294.797,2651.474,2702.93,2835.606,2674.852,3167.271,3353.471,3567.552,3889.13,4271.922,4710.371,5193.509,5723.287,6307.191,
Indonesia,99.296,110.848,113.799,103.149,107.218,107.062,101.22,95.214,107.279,122.582,138.258,154.558,168.28,190.913,213.727,244.227,274.722,260.68,115.323,169.158,179.482,174.507,212.807,255.346,279.344,310.92,396.518,470.092,558.291,578.577,755.094,892.969,917.87,912.524,890.815,860.854,931.877,1015.619,1042.272,1119.1,1059.055,1186.51,1319.076,1371.171,1402.59,1492.618,1614.873,1743.582,1883.651,2030.467,
Iran,95.846,101.481,125.8,156.927,161.721,180.541,208.928,277.019,311.932,379.427,581.008,304.065,50.472,64.449,79.818,114.941,158.032,184.138,205,275.092,366.917,330.978,132.682,158.416,188.961,228.428,272.361,360.928,425.699,440.408,517.899,625.43,421.882,428.321,460.809,408.288,458.042,486.829,332.846,241.658,195.528,289.294,376.254,372.82,434.243,463.747,498.49,532.556,565.472,599.895,
Iraq,no data,no data,no data,no data,no data,no data,no data,no data,no data,no data,no data,no data,no data,no data,no data,no data,no data,no data,no data,no data,25.984,21.113,21.063,15.8,36.642,50.065,65.144,88.833,131.614,111.66,138.517,185.75,218.032,234.638,234.651,177.634,168.429,190.048,230.189,236.682,182.576,210.753,288.059,252.407,264.149,270.874,288.773,306.537,326.721,349.022,
Ireland,21.425,20.423,21.313,20.618,19.883,21.168,28.516,33.66,36.875,38.03,48.199,48.84,54.911,51.364,55.843,69.26,75.928,82.957,90.305,98.993,100.253,109.347,128.505,164.63,194.283,211.993,232.193,270.112,275.417,236.187,222.167,241.295,227.415,243.305,266.857,302.422,305.649,348.411,395.641,407.17,436.205,531.66,549.003,551.554,560.566,587.225,613.962,639.215,665.269,694.167,
Israel,25.071,26.565,28.47,31.752,30.059,27.938,34.394,41.08,50.888,51.777,61.097,69.307,77.446,77.837,88.852,105.553,115.181,119.516,120.586,121.425,136.516,134.99,125.339,131.544,140.162,147.442,159.076,184.706,221.231,213.401,239.679,268.095,263.59,298.469,315.019,303.47,321.942,358.459,376.309,400.941,413.196,492.596,527.694,513.611,528.067,550.905,584.771,610.251,637.935,667.234,
Italy,479.967,435.267,430.169,446.399,441.048,455.457,645.071,809.632,897.006,932.931,1164.328,1229.898,1305.099,1049.47,1082.455,1177.985,1315.136,1246.34,1274.382,1256.252,1150.169,1172.049,1280.84,1582.534,1811.987,1866.013,1958.667,2222.785,2417.242,2207.087,2146.687,2306.568,2099.259,2153.259,2173.816,1845.616,1886.59,1970.027,2100.387,2019.83,1905.954,2180.657,2104.65,2301.603,2376.51,2459.597,2534.561,2595.79,2663.695,2736.155,
Jamaica,2.565,2.817,3.235,2.875,2.119,1.993,2.369,2.672,3.184,3.692,4.663,4.285,4.328,5.44,5.453,6.549,7.394,8.4,8.787,8.887,9.065,9.195,9.719,9.43,10.175,11.233,11.946,12.881,13.743,12.107,13.193,14.413,14.765,14.213,13.865,14.154,14.108,14.755,15.648,15.808,13.885,14.674,17.003,19.315,20.586,21.586,22.33,23.09,23.884,24.705,
Japan,1129.378,1245.221,1158.731,1270.86,1345.825,1427.02,2120.084,2580.749,3125.725,3109.455,3185.904,3648.066,3980.703,4536.941,4998.798,5545.566,4923.393,4492.449,4098.363,4635.982,4968.36,4374.71,4182.845,4519.564,4893.135,4831.467,4601.663,4579.75,5106.679,5289.494,5759.072,6233.148,6272.362,5212.328,4896.995,4444.931,5003.678,4930.837,5040.881,5117.995,5054.094,5039.9,4271.933,4219.828,4070.094,4389.326,4584.638,4742.525,4949.611,5075.026,
Jordan,3.932,4.416,4.713,4.953,5.003,5.033,6.445,6.794,6.364,4.279,4.187,4.373,5.403,5.615,6.321,6.759,7.054,7.389,8.163,8.414,8.725,9.268,9.972,10.575,11.771,13.134,15.795,17.957,22.648,24.538,27.134,29.524,31.679,34.503,36.9,38.642,39.949,41.667,43.432,44.566,43.762,46.362,48.722,50.885,53.305,56.113,59.183,62.482,65.966,69.643,
Kazakhstan,no data,no data,no data,no data,no data,no data,no data,no data,no data,no data,no data,no data,2.875,5.152,11.881,16.639,21.035,22.166,22.135,16.87,18.292,22.153,24.637,30.834,43.152,57.125,81.003,104.85,133.442,115.309,148.047,192.626,207.999,236.635,221.416,184.388,137.289,166.806,179.34,181.667,171.082,197.112,225.529,263.372,292.553,306.629,325.467,347.568,366.778,387.086,
Kenya,13.449,12.667,12.196,11.279,11.703,11.646,13.832,15.163,15.721,15.586,16.219,15.315,15.084,10.479,12.546,15.905,18.064,18.3,20.63,18.594,18.206,18.697,19.03,21.391,22.79,26.307,29.668,36.708,41.058,42.347,45.406,46.555,56.407,61.703,68.395,70.37,74.816,81.965,92.211,100.328,100.912,109.875,114.733,108.747,116.321,116.662,118.567,124.597,133.201,142.736,
Kiribati,0.033,0.035,0.033,0.031,0.034,0.026,0.026,0.03,0.038,0.038,0.037,0.041,0.062,0.059,0.067,0.069,0.081,0.08,0.075,0.077,0.075,0.065,0.075,0.097,0.104,0.114,0.112,0.138,0.15,0.142,0.166,0.196,0.207,0.202,0.201,0.192,0.207,0.223,0.234,0.217,0.224,0.29,0.271,0.279,0.312,0.333,0.351,0.366,0.38,0.396,
"Korea, Republic of",67.729,75.568,81.179,90.93,101.033,104.955,121.056,153.293,206.801,255.847,293.6,342.6,368.356,406.915,480.17,587.059,632.201,591.202,396.682,515.213,597.802,567.655,649.747,728.497,822.583,971.54,1094.545,1220.756,1093.487,982.854,1192.722,1307.239,1335.344,1434.67,1556.252,1539.212,1578.816,1710.197,1824.251,1751.046,1744.456,1942.314,1799.363,1839.058,1869.916,1947.133,2029.479,2114.435,2197.399,2278.685,
Kosovo,no data,no data,no data,no data,no data,no data,no data,no data,no data,no data,no data,no data,no data,no data,no data,no data,no data,no data,no data,no data,2.217,2.509,2.73,3.39,3.71,3.828,4.019,4.868,5.202,5.03,5.348,6.34,6.167,6.735,7.076,6.296,6.681,7.178,7.882,7.9,7.728,9.418,9.375,10.44,11.172,11.839,12.618,13.341,14.124,14.962,
Kuwait,no data,25.249,21.583,20.871,21.7,21.445,17.904,22.368,20.69,24.313,18.293,10.826,19.871,23.955,24.859,27.186,31.491,30.35,25.941,30.126,37.714,34.906,38.129,47.869,59.439,80.799,101.548,114.608,147.391,105.992,115.401,154.02,174.066,174.179,162.695,114.606,109.399,120.688,138.655,140.855,111.048,148.455,183.977,163.716,161.822,161.95,165.951,171.06,177.062,183.69,
Kyrgyz Republic,no data,no data,no data,no data,no data,no data,no data,no data,no data,no data,no data,no data,0.917,0.665,1.108,1.493,1.822,1.767,1.63,1.242,1.368,1.525,1.606,1.92,2.214,2.459,2.837,3.807,5.139,4.69,4.794,6.198,6.604,7.335,7.467,6.678,6.813,7.703,8.271,9.372,8.283,9.256,12.269,13.993,15.774,17.382,18.483,19.758,20.959,22.235,
Lao P.D.R.,1.913,1.118,1.119,2.047,2.93,3.685,2.577,1.815,1.182,1.46,1.742,2.053,2.354,2.652,3.081,3.579,3.726,3.515,1.334,1.415,1.72,1.757,1.844,2.26,2.651,3.079,3.934,4.757,5.946,6.431,7.506,8.964,10.194,11.972,13.266,14.418,15.904,17.055,18.131,18.77,18.511,18.533,15.121,14.943,14.949,14.44,13.444,12.41,11.546,10.75,
Latvia,no data,no data,no data,no data,no data,no data,no data,no data,no data,no data,no data,no data,1.694,2.728,4.533,5.411,5.975,6.529,7.169,7.535,7.963,8.363,9.564,11.777,14.44,17.03,21.589,31.1,36.023,26.48,23.998,27.74,28.191,30.21,31.395,27.266,28.076,30.473,34.445,34.229,34.363,39.469,40.454,43.64,45.521,48.164,50.917,53.485,56.212,59.114,
Lebanon,4.02,3.843,2.621,3.611,4.269,3.566,2.78,3.254,3.269,2.682,2.801,4.392,5.472,7.435,8.988,10.971,12.824,15.535,17.059,17.174,17.018,17.361,18.837,19.486,21.16,21.497,22.023,24.827,29.119,35.4,38.444,39.927,44.017,46.88,48.095,49.929,51.15,53.03,54.9,50.928,24.976,19.782,24.524,24.023,no data,no data,no data,no data,no data,no data,
Lesotho,0.428,0.435,0.362,0.401,0.36,0.288,0.331,0.434,0.496,0.519,0.635,0.743,0.863,0.865,0.915,1.032,0.977,1.027,0.949,0.937,0.922,0.774,0.856,1.256,1.598,1.73,1.72,1.759,1.652,1.937,2.356,2.571,2.465,2.345,2.477,2.202,2.206,2.424,2.472,2.323,2.092,2.427,2.267,2.211,2.297,2.424,2.541,2.663,2.784,2.919,
Liberia,no data,no data,no data,no data,no data,no data,no data,no data,no data,no data,no data,no data,no data,no data,no data,no data,no data,no data,no data,no data,0.863,0.904,0.943,0.714,0.897,0.944,1.109,1.344,1.676,1.765,1.966,2.34,2.675,3.044,3.09,3.092,3.256,3.321,3.264,3.08,3.037,3.509,3.974,4.39,4.756,5.051,5.351,5.702,6.14,6.512,
Libya,40.19,34.72,34.616,32.988,30.89,30.384,24.756,23.009,25.87,27.446,31.627,34.995,35.459,31.912,29.719,33.739,36.827,37.702,30.921,37.129,39.498,35.206,21.128,27.026,34.054,48.852,60.094,68.211,86.804,60.767,75.381,48.17,92.542,75.355,57.384,48.718,49.913,67.153,76.682,69.237,46.893,35.216,43.281,43.958,44.812,47.998,50.339,51.498,53.03,54.699,
Lithuania,no data,no data,no data,no data,no data,no data,no data,no data,no data,no data,no data,no data,no data,no data,no data,6.691,8.376,10.114,11.236,10.969,11.509,12.238,14.261,18.776,22.58,26.115,30.214,39.773,47.931,37.484,37.188,43.597,42.888,46.579,48.619,41.431,43.058,47.706,53.777,54.831,56.873,66.865,71.134,77.844,82.789,87.981,92.895,97.187,101.677,106.433,
Luxembourg,6.434,5.549,4.557,4.473,4.385,4.544,6.611,8.211,9.301,9.903,12.628,13.683,15.328,15.714,17.487,20.571,20.464,18.428,19.263,21.089,21.24,21.388,23.633,29.66,35.049,37.693,42.912,51.593,58.838,54.408,56.26,61.685,59.814,65.204,68.823,60.078,62.2,65.689,71.033,69.898,73.64,85.641,81.706,85.78,91.21,96.993,101.969,106.211,110.695,115.499,
Macao SAR,no data,no data,no data,no data,no data,no data,no data,no data,no data,no data,no data,no data,no data,no data,no data,no data,no data,no data,no data,no data,no data,6.86,7.372,8.247,10.643,12.16,14.874,18.44,21.027,21.588,28.242,36.844,43.19,51.536,54.903,45.048,45.071,50.384,55.191,55.082,25.344,30.969,24.464,47.061,53.447,59.274,63.466,66.973,70.515,74.229,
Madagascar,5.202,4.759,4.785,4.686,3.906,3.803,4.348,3.213,3.189,3.176,3.931,3.255,3.715,4.063,3.522,3.838,4.932,4.263,4.402,4.278,4.629,5.438,5.352,6.372,5.065,5.859,6.396,8.525,10.725,9.617,9.983,11.552,11.579,12.424,12.523,11.323,11.849,13.176,13.76,14.105,13.051,14.555,15.135,15.79,17.212,18.104,19.622,21.328,23.586,25.555,
Malawi,3.022,3.022,2.881,2.986,2.949,2.762,2.883,2.834,3.258,3.715,4.222,5.38,4.394,5.056,2.93,3.412,5.569,6.504,4.275,4.336,4.257,4.178,4.922,4.521,4.895,5.148,5.63,6.24,7.492,8.723,9.796,11.241,8.421,7.648,8.526,9.014,7.733,8.943,9.882,11.031,11.847,12.475,12.531,12.674,10.844,10.784,11.056,11.611,12.255,12.953,
Malaysia,26.757,27.321,29.278,32.745,37.087,34.09,30.303,34.529,37.845,41.678,47.245,53.519,64.427,72.857,81.156,96.606,109.846,109.116,78.639,86.203,102.149,101.054,109.833,120.025,135.869,150.345,170.41,202.732,241.946,211.847,258.64,302.184,318.909,327.869,342.868,301.355,301.256,319.109,358.783,365.178,337.456,373.785,407.606,399.705,439.748,488.25,522.253,553.081,587.088,621.325,
Maldives,0.063,0.073,0.087,0.094,0.113,0.134,0.158,0.149,0.178,0.201,0.231,0.262,0.306,0.346,0.382,0.466,0.527,0.652,0.693,0.756,0.801,0.767,0.828,1.052,1.227,1.163,1.575,1.868,2.272,2.345,2.588,2.629,2.885,3.286,3.69,4.118,4.398,4.809,5.398,5.716,3.706,5.242,6.161,6.573,6.984,7.641,8.178,8.72,9.298,9.909,
Mali,2.031,1.66,1.468,1.418,1.416,1.426,1.981,2.308,2.316,2.827,3.223,3.284,3.372,3.362,2.575,3.337,3.416,3.208,3.328,3.444,2.963,3.468,3.905,4.713,5.452,6.251,6.906,8.157,9.871,10.249,10.698,12.993,12.45,13.243,14.369,13.106,14.022,15.36,17.079,17.281,17.643,19.786,18.322,20.21,21.653,23.214,24.919,26.613,28.454,30.445,
Malta,1.267,1.238,1.17,1.142,1.081,1.095,1.421,1.774,2.013,2.108,2.532,2.754,3.065,2.731,3.024,3.565,3.635,3.68,3.898,4.068,4.298,4.339,4.684,5.465,6.128,6.383,6.783,7.972,9.171,8.76,9.104,9.788,9.616,10.797,11.891,11.342,12.022,14.156,16.161,16.34,16.373,19.732,19.225,22.335,24.397,26.262,27.892,29.409,31.081,32.862,
Marshall Islands,no data,no data,no data,no data,no data,no data,no data,no data,no data,no data,no data,no data,no data,no data,no data,no data,no data,0.11,0.112,0.113,0.115,0.123,0.132,0.131,0.133,0.138,0.143,0.15,0.147,0.151,0.161,0.172,0.181,0.186,0.186,0.184,0.202,0.214,0.22,0.233,0.242,0.259,0.253,0.259,0.279,0.294,0.305,0.316,0.328,0.341,
Mauritania,no data,no data,no data,no data,no data,no data,no data,no data,no data,no data,1.793,2.055,2.164,1.847,1.945,2.092,2.132,2.072,2.027,1.986,1.78,1.746,1.777,2.051,2.362,2.936,4.009,4.328,5.138,4.725,5.637,6.782,6.721,7.331,6.615,6.182,6.414,6.826,7.472,7.894,8.464,9.126,9.564,10.649,10.761,11.08,11.64,12.348,13.303,13.818,
Mauritius,1.242,1.179,1.131,1.198,1.108,1.122,1.515,1.919,2.225,2.286,2.743,3.017,3.398,3.502,3.887,4.439,4.59,4.31,4.354,4.597,4.935,4.882,5.123,6.155,6.962,6.867,7.123,8.26,10.125,9.252,10.138,11.673,11.826,12.293,13.074,12.007,12.594,13.714,14.736,14.436,11.408,11.484,12.928,14.557,15.89,16.515,17.788,19.073,20.439,21.869,
Mexico,242.153,311.012,225.706,184.01,217.001,230.272,159.434,174.84,213.893,260.663,307.613,368.772,427.661,530.226,553.618,380.182,432.158,523.45,557.485,631.24,742.061,796.055,810.666,765.55,819.459,917.572,1020.265,1102.356,1161.553,943.437,1105.424,1229.014,1255.11,1327.436,1364.508,1213.294,1112.233,1190.721,1256.3,1305.2,1120.832,1313.07,1463.324,1788.821,1848.125,1817.818,1905.278,1994.119,2085.533,2176.05,
"Micronesia, Fed. States of",no data,no data,no data,no data,no data,no data,no data,no data,no data,no data,no data,no data,no data,no data,no data,0.22,0.217,0.204,0.217,0.217,0.23,0.236,0.238,0.241,0.236,0.246,0.249,0.252,0.258,0.275,0.291,0.307,0.323,0.313,0.314,0.31,0.325,0.359,0.392,0.394,0.372,0.39,0.43,0.46,0.484,0.507,0.526,0.541,0.556,0.571,
Moldova,no data,no data,no data,no data,no data,no data,no data,no data,no data,no data,no data,no data,0.864,1.11,1.158,1.441,1.694,1.928,1.697,1.172,1.315,1.481,1.662,1.981,2.598,2.988,3.408,4.401,6.055,5.438,6.977,8.417,8.708,9.496,9.51,7.726,8.072,9.515,11.252,11.737,11.53,13.694,14.55,16.576,18.062,19.649,21.531,23.726,26.15,28.911,
Mongolia,2.728,2.854,2.963,3.071,2.837,3.294,3.636,4.086,4.104,4.275,2.678,2.821,1.566,0.771,0.926,1.452,1.348,1.181,1.125,1.057,1.137,1.268,1.397,1.595,1.992,2.523,3.414,4.235,5.623,4.584,7.185,10.41,12.278,12.582,12.227,11.62,11.154,11.481,13.207,14.206,13.313,15.286,17.146,20.315,23.669,27.242,29.12,31.569,34.024,36.4,
Montenegro,no data,no data,no data,no data,no data,no data,no data,no data,no data,no data,no data,no data,no data,no data,no data,no data,no data,no data,no data,no data,0.966,1.15,1.269,1.681,2.073,2.261,2.724,3.686,4.564,4.171,4.146,4.544,4.09,4.466,4.595,4.055,4.376,4.855,5.509,5.543,4.777,5.865,6.243,7.406,8.11,8.849,9.431,9.895,10.398,10.939,
Morocco,23.807,19.329,19.51,17.635,16.13,16.28,21.497,23.713,28.08,28.901,32.661,34.94,36.483,34.259,38.532,42.238,46.71,42.366,45.243,45.055,42.053,42.704,45.711,56.345,64.528,67.468,74.284,85.539,100.112,100.535,100.881,109.705,106.345,115.608,119.131,110.414,111.573,118.541,127.341,128.92,121.354,142.022,130.952,144.438,157.087,168.597,180.603,193.203,206.499,218.675,
Mozambique,4.615,3.585,3.662,3.28,3.417,4.516,5.301,2.395,2.105,2.199,3.529,3.855,2.799,2.883,2.958,3.062,4.03,4.874,5.551,6.285,5.931,5.65,5.951,6.584,7.937,8.868,9.51,10.811,12.92,12.264,11.412,14.619,16.688,17.198,17.978,16.209,12.069,13.265,15.017,15.513,14.235,16.168,18.884,20.958,22.495,24.545,26.288,27.954,31.417,35.283,
Myanmar,no data,no data,no data,no data,no data,no data,no data,no data,no data,no data,no data,no data,no data,no data,no data,no data,no data,no data,4.838,6.044,7.261,6.693,6.496,8.336,10.095,11.382,12.752,16.76,23.907,28.971,35.748,50.292,55.131,59.176,63.153,62.655,60.09,61.267,66.699,68.802,77.801,68.054,61.766,64.505,64.284,65.009,68.633,73.949,79.788,86.21,
Namibia,no data,no data,no data,no data,no data,no data,no data,no data,no data,2.268,2.568,2.841,3.296,3.156,3.537,3.948,3.954,4.11,3.832,3.824,3.941,3.577,3.396,4.974,6.673,7.324,7.711,8.73,8.496,8.915,11.281,12.423,13.016,12.168,12.434,11.45,10.719,12.883,13.676,12.539,10.583,12.399,12.562,12.345,13.185,14.364,15.224,15.892,16.603,17.364,
Nauru,no data,no data,no data,no data,no data,no data,no data,no data,no data,no data,no data,no data,no data,no data,no data,no data,no data,no data,no data,no data,no data,no data,no data,no data,0.031,0.03,0.029,0.023,0.037,0.044,0.048,0.066,0.101,0.094,0.099,0.085,0.097,0.109,0.131,0.125,0.125,0.176,0.157,0.154,0.16,0.179,0.188,0.197,0.204,0.214,
Nepal,2.258,2.641,2.669,2.92,3.089,3.208,3.491,3.621,4.27,4.317,4.442,4.861,4.417,4.743,4.954,5.379,5.544,6.027,5.992,6.164,6.537,6.719,6.816,7.218,8.297,9.331,10.316,11.777,14.31,14.663,18.253,21.685,21.703,22.162,22.722,24.361,24.524,28.972,33.112,34.186,33.434,36.927,41.183,40.907,43.673,47.826,52.622,57.968,63.907,70.443,
Netherlands,194.031,162.629,157.56,153.396,142.779,144.859,201.883,247.277,264.596,260.9,321.859,331.565,366.52,356.434,383.091,453.377,451.508,418.023,439.215,448.223,417.834,432.539,475.194,582.29,660.925,688.514,737.633,853.6,957.797,878,853.161,912.98,846.225,883.964,901.789,775.822,796.944,847.934,930.155,929.006,931.814,1055.173,1047.364,1154.694,1218.401,1272.96,1325.691,1372.992,1421.317,1470.883,
New Zealand,22.56,23.481,23.246,22.493,22.386,22.548,27.439,36.993,45.523,44.024,45.794,43.44,41.515,44.808,52.919,62.24,69.101,68.869,56.815,58.898,54.127,53.129,62.061,82.408,101.599,113.266,109.738,134.876,135.373,121.701,145.36,166.949,175.033,187.132,200.153,176.326,185.901,203.626,209.601,210.761,210.271,249.711,242.575,248.687,252.236,262.924,274.325,285.718,298.296,311.382,
Nicaragua,1.832,2.156,2.497,2.9,3.966,3.854,5.8,3.409,1.499,2.082,0.519,3.678,3.894,3.726,3.861,4.14,4.308,4.39,4.635,4.856,5.109,5.335,5.224,5.322,5.793,6.321,6.764,7.423,8.497,8.297,8.759,9.774,10.532,10.983,11.88,12.757,13.286,13.786,13.025,12.713,12.682,14.145,15.671,17.843,19.412,20.956,22.557,24.28,26.135,28.132,
Niger,3.531,3.056,2.84,2.538,2.056,2.027,2.68,3.143,3.21,3.068,3.491,3.271,3.372,3.041,1.935,2.296,2.397,2.285,2.639,2.532,2.235,2.442,2.772,3.382,3.746,4.372,4.743,5.716,7.279,7.324,7.838,8.754,9.412,10.206,10.83,9.684,10.35,11.181,12.814,12.917,13.764,14.923,15.458,16.809,19.599,21.907,23.995,25.999,28.091,30.374,
Nigeria,no data,no data,no data,no data,no data,no data,no data,no data,no data,no data,62.165,60.131,52.275,56.807,80.128,132.23,172.686,187.866,209.677,57.477,67.824,73.128,93.983,102.935,130.345,169.645,222.791,262.215,330.26,297.458,369.062,414.095,460.952,514.966,568.499,492.437,404.649,375.745,421.737,474.498,432.716,441.632,476.468,363.816,199.721,194.955,224.78,239.413,260.959,268.949,
North Macedonia ,no data,no data,no data,no data,no data,no data,no data,no data,no data,no data,no data,no data,2.443,2.687,3.561,4.687,4.643,3.928,3.764,3.867,3.774,3.709,3.991,4.946,5.684,6.257,6.86,8.337,9.912,9.4,9.415,10.499,9.751,10.824,11.378,10.067,10.686,11.336,12.694,12.609,12.385,14.008,13.735,14.769,15.861,17.09,18.204,19.42,20.595,21.787,
Norway,64.439,63.597,62.647,61.627,62.058,65.417,78.693,94.231,101.901,102.634,119.791,121.872,130.838,120.579,127.132,152.031,163.52,161.357,154.23,162.384,171.456,174.24,195.915,229.385,265.267,309.979,346.914,402.646,464.915,387.974,431.052,501.361,512.777,526.014,501.737,388.16,370.957,401.745,439.788,408.743,367.633,503.368,593.727,485.311,503.752,506.466,509.343,522.441,536.045,550.747,
Oman,7.269,8.849,9.285,9.733,10.726,11.916,9.433,9.89,9.613,10.743,13.395,13,14.274,14.321,14.808,15.821,17.512,18.154,16.044,17.833,22.259,22.206,23.066,24.734,28.379,35.507,42.578,48.3,69.805,55.454,64.994,77.497,87.409,89.936,92.699,78.711,75.129,80.857,91.506,88.061,75.909,87.323,111.944,108.811,109.993,111.306,116.185,121.287,126.559,132.641,
Pakistan,38.616,45.681,49.932,46.619,50.612,50.607,51.827,54.171,62.385,65.042,65.276,74.158,79.338,83.969,84.642,98.917,103.296,101.848,101.381,96.008,99.421,96.784,98.169,112.507,132.206,145.209,161.871,184.141,202.204,187.074,196.712,230.577,250.094,258.674,271.422,299.93,313.623,339.229,356.163,321.071,300.41,348.481,374.85,337.457,374.595,no data,no data,no data,no data,no data,
Palau,no data,no data,no data,no data,no data,no data,no data,no data,no data,no data,no data,no data,no data,no data,no data,no data,no data,no data,no data,no data,0.15,0.159,0.163,0.155,0.166,0.186,0.191,0.196,0.199,0.184,0.184,0.195,0.215,0.226,0.245,0.283,0.303,0.29,0.288,0.282,0.259,0.236,0.256,0.282,0.316,0.353,0.383,0.401,0.417,0.434,
Panama,4.253,4.814,5.319,5.461,5.7,6.03,6.266,6.294,5.441,5.456,5.931,6.522,7.414,8.096,8.633,8.825,10.406,11.245,12.191,12.775,12.958,13.166,13.685,14.422,15.811,17.244,19.109,22.072,26.072,28.104,30.513,35.95,41.902,47.261,51.74,56.062,60.017,64.468,67.294,69.722,57.087,67.407,76.523,83.382,87.347,91.731,97.309,103.225,109.501,116.159,
Papua New Guinea,4.087,4.011,3.805,3.799,3.509,3.25,3.535,3.885,5.4,5.238,4.757,5.596,6.466,7.349,8.077,7.149,7.608,7.272,5.558,5.072,5.169,4.531,4.387,5.488,6.279,7.339,8.355,9.545,11.671,11.619,14.251,17.985,21.295,21.261,23.211,21.723,20.759,22.743,24.11,24.751,23.848,26.113,31.61,30.926,31.896,32.641,33.539,34.561,35.813,36.888,
Paraguay,4.095,5.22,5.47,6.069,4.931,4.214,5.032,4.216,5.584,4.046,4.904,6.984,7.158,7.249,7.871,9.062,9.788,9.965,9.26,8.837,8.856,8.496,7.196,7.691,9.624,10.738,13.43,17.856,24.615,22.355,27.129,33.737,33.296,38.651,40.378,36.211,36.09,38.997,40.225,37.925,35.432,39.951,41.953,42.955,44.937,46.803,49.318,52.016,54.874,57.896,
Peru,20.19,24.398,24.259,18.863,19.442,16.823,25.241,41.681,32.978,40.699,28.326,33.988,35.377,34.33,43.225,51.38,53.412,56.281,53.918,48.719,50.414,51.034,53.954,58.537,66.126,74.232,87.459,102.187,121.308,121.892,149.23,171.369,193.276,203.042,203.785,192.85,196.348,216.578,227.583,233.004,206.461,226.372,244.273,266.912,283.309,294.898,306.474,318.954,332.713,347.63,
Philippines,37.082,40.735,42.441,37.953,35.86,34.973,34.129,37.932,43.293,48.652,50.508,51.784,60.422,62.037,73.159,84.644,94.65,94.106,74.492,85.64,83.667,78.921,84.307,87.039,95.002,107.42,127.653,155.98,181.007,176.132,208.369,234.217,261.92,283.903,297.484,306.446,318.627,328.481,346.842,376.823,361.751,394.087,404.353,437.146,470.062,507.67,550,595.304,648.975,707.24,
Poland,56.731,53.752,65.315,75.555,75.656,70.915,73.822,63.84,68.747,67.027,62.206,80.61,88.888,90.544,103.887,139.363,156.993,157.493,172.389,168.13,171.613,190.805,199.07,217.829,255.292,306.304,344.627,429.021,533.6,439.794,475.697,524.374,495.23,515.762,539.212,476.788,469.65,524.78,588.804,595.968,599.458,681.429,689.888,811.736,862.908,915.451,968.258,1022.517,1071.808,1122.461,
Portugal,32.607,32.477,30.678,28.267,25.951,27.231,37.869,47.387,55.435,59.806,79.439,89.904,108.119,95.139,99.692,118.182,122.655,117.211,124.124,127.597,118.658,121.605,134.7,165.185,189.296,197.363,208.767,240.524,263.388,244.402,238.308,245.075,216.361,226.437,229.961,199.414,206.369,221.28,242.423,240.013,228.849,255.705,255.398,287.187,303.032,319.934,333.636,346.029,359.301,373.366,
Puerto Rico,14.436,15.956,16.764,17.277,19.163,20.289,21.969,23.878,26.178,28.267,30.604,32.287,34.63,36.923,39.691,42.647,45.341,48.187,54.086,57.841,61.702,69.669,72.546,75.834,80.322,83.915,87.276,89.524,93.639,96.386,98.381,100.352,101.565,102.45,102.446,103.376,104.337,103.446,100.958,105.126,103.131,106.427,113.567,117.902,120.971,122.234,124.293,128.065,131.196,134.327,
Qatar,6.665,7.374,6.467,5.506,5.708,5.339,4.214,4.441,4.26,4.502,6.266,5.579,6.384,5.804,5.946,6.861,7.761,9.976,8.488,11.266,18.085,17.498,19.334,23.716,30.651,44.636,58.629,75.987,112.621,88.196,119.707,167.775,186.834,198.728,206.225,161.74,151.732,161.099,183.335,176.371,144.411,179.732,235.709,213.003,221.406,226.217,242.135,262.192,273.785,281.832,
Romania,46.053,55.319,55.375,48.401,39.111,48.286,52.29,58.477,60.538,54.236,38.516,29.07,19.779,26.624,30.376,35.838,35.692,35.644,42.543,35.953,37.447,40.396,46.035,57.79,75.059,98.547,122.114,174.831,215.568,174.564,170.294,192.835,179.243,189.83,199.981,177.877,185.334,210.529,243.498,250.993,251.699,286.015,299.47,351.074,380.561,406.202,431.677,453.108,474.421,497.1,
Russian Federation,no data,no data,no data,no data,no data,no data,no data,no data,no data,no data,no data,no data,71.603,196.227,293.768,335.777,412.685,433.704,287.672,209.657,278.264,328.475,370.062,461.518,633.294,817.717,1060.901,1393.416,1779.109,1307.927,1633.111,2046.621,2191.486,2288.428,2048.837,1356.703,1280.648,1575.14,1653.005,1695.724,1488.118,1843.13,2269.899,2009.959,2184.316,2195.708,2249.265,2304.56,2366.771,2413.167,
Rwanda,1.493,1.695,1.808,1.932,1.851,2.199,2.49,2.765,2.959,3.09,2.954,2.179,2.313,2.231,1.418,1.47,1.593,2.144,2.29,2.131,2.049,1.967,1.963,2.139,2.388,2.945,3.318,4.069,5.183,5.675,6.126,6.885,7.654,7.821,8.24,8.546,8.695,9.253,9.638,10.349,10.174,11.066,13.313,14.097,13.663,14.022,14.933,16.154,17.587,19.243,
Saint Kitts and Nevis,0.058,0.069,0.079,0.078,0.091,0.101,0.119,0.136,0.161,0.179,0.203,0.201,0.223,0.243,0.272,0.293,0.312,0.351,0.366,0.389,0.421,0.458,0.481,0.469,0.507,0.547,0.644,0.689,0.778,0.774,0.779,0.836,0.825,0.875,0.953,0.957,1.007,1.058,1.076,1.107,0.884,0.859,0.981,1.056,1.158,1.223,1.295,1.363,1.43,1.501,
Saint Lucia,0.17,0.194,0.183,0.197,0.251,0.284,0.34,0.375,0.429,0.486,0.579,0.613,0.674,0.684,0.713,0.762,0.788,0.805,0.877,0.921,0.932,0.892,0.899,0.987,1.066,1.135,1.268,1.331,1.427,1.4,1.483,1.569,1.598,1.66,1.749,1.808,1.869,1.999,2.061,2.095,1.499,1.867,2.343,2.43,2.569,2.682,2.808,2.93,3.048,3.171,
Saint Vincent and the Grenadines,0.089,0.11,0.123,0.132,0.146,0.157,0.174,0.19,0.217,0.232,0.26,0.275,0.3,0.309,0.313,0.341,0.358,0.376,0.403,0.422,0.428,0.462,0.488,0.509,0.55,0.58,0.644,0.714,0.733,0.714,0.72,0.714,0.73,0.765,0.771,0.787,0.814,0.844,0.884,0.91,0.865,0.889,0.989,1.083,1.173,1.245,1.305,1.366,1.431,1.498,
Samoa,0.127,0.119,0.122,0.113,0.111,0.106,0.112,0.124,0.138,0.141,0.182,0.176,0.193,0.198,0.158,0.242,0.258,0.28,0.286,0.262,0.271,0.273,0.289,0.342,0.418,0.486,0.516,0.568,0.684,0.618,0.68,0.744,0.773,0.798,0.797,0.824,0.844,0.885,0.878,0.913,0.869,0.844,0.833,0.934,1.068,1.147,1.207,1.26,1.313,1.382,
San Marino,no data,no data,no data,no data,no data,no data,no data,no data,no data,no data,no data,no data,no data,no data,no data,no data,no data,no data,no data,no data,1.008,1.06,1.148,1.462,1.714,1.788,1.91,2.189,2.403,2.062,1.883,1.813,1.606,1.678,1.674,1.42,1.468,1.528,1.656,1.616,1.543,1.857,1.833,1.988,2.049,2.112,2.188,2.252,2.324,2.401,
Saudi Arabia,164.54,184.292,153.24,129.181,119.631,103.894,86.886,85.582,88.138,95.217,117.474,132.047,136.905,132.79,134.995,143.152,158.451,165.742,146.776,161.717,189.515,184.138,189.606,215.808,258.742,328.205,376.398,415.687,519.797,429.098,528.207,676.635,741.85,753.864,766.606,669.485,666,714.994,846.584,838.565,734.271,874.157,1108.571,1067.583,1100.706,1136.58,1199.156,1262.326,1332.093,1409.058,
Senegal,4.338,3.934,3.85,3.435,3.35,3.668,5.188,6.241,6.173,6.083,7.078,6.955,7.435,7.014,4.746,6.026,6.3,5.867,6.416,6.599,6.016,6.508,7.001,8.767,10.072,11.015,11.699,13.996,16.852,16.128,16.134,17.811,17.672,18.919,19.802,17.777,19.035,20.989,23.127,23.405,24.534,27.584,27.744,30.937,33.685,37.804,40.606,43.459,47.234,52.509,
Serbia,no data,no data,no data,no data,no data,no data,no data,no data,no data,no data,no data,no data,no data,no data,no data,no data,no data,23.635,18.529,11.973,9.79,13.009,17.185,22.515,26.017,27.496,32.602,43.395,52.094,45.156,41.369,49.28,43.316,48.394,47.062,39.656,40.693,44.179,50.641,51.514,53.356,62.787,63.563,75.187,82.55,88.634,95.36,102.204,109.557,117.547,
Seychelles,0.147,0.154,0.148,0.147,0.151,0.169,0.208,0.249,0.284,0.305,0.369,0.374,0.434,0.474,0.486,0.508,0.503,0.563,0.608,0.623,0.615,0.622,0.698,0.706,0.839,0.919,1.016,1.034,0.998,0.847,0.97,1.018,1.06,1.328,1.388,1.432,1.568,1.675,1.777,1.867,1.384,1.49,2.058,2.141,2.144,2.235,2.344,2.463,2.592,2.725,
Sierra Leone,2.708,2.903,3.264,2.838,3.283,2.794,2.092,1.823,2.988,2.745,1.509,1.812,1.58,1.786,2.118,2.026,2.188,1.974,1.562,1.555,1.498,1.726,1.99,2.218,2.339,2.672,3.144,3.451,3.926,3.795,4.174,4.799,5.746,6.736,6.521,6.75,6.023,5.812,6.39,6.519,6.682,6.994,7.119,6.397,7.411,7.804,7.95,8.338,8.861,9.304,
Singapore,12.082,14.367,15.879,18.011,19.563,18.573,18.78,21.629,26.551,31.436,38.892,45.465,52.131,60.604,73.689,87.813,96.293,100.124,85.728,86.287,96.077,89.794,92.538,97.646,115.034,127.808,148.627,180.942,193.617,194.15,239.808,279.357,295.093,307.576,314.864,307.999,319.054,343.257,376.893,376.902,349.488,434.111,498.475,501.428,530.708,561.725,587.669,614.145,641.802,670.938,
Slovak Republic,no data,no data,no data,no data,no data,no data,no data,no data,no data,no data,no data,no data,no data,13.726,15.838,20.034,21.659,21.927,22.825,20.867,20.73,21.421,24.888,34.085,43.19,49.116,57.492,77.239,97.17,89.302,91.237,99.905,94.684,98.937,101.463,88.91,89.928,95.616,106.186,105.723,106.652,118.642,115.676,132.832,142.617,152.479,160.36,167.774,175.71,183.368,
Slovenia,no data,no data,no data,no data,no data,no data,no data,no data,no data,no data,no data,no data,19.285,16.637,16.857,21.399,21.48,20.769,22.08,22.668,20.262,20.693,23.263,29.399,34.19,36.002,39.293,47.886,55.503,49.921,47.832,51.19,46.196,47.868,49.527,42.714,44.279,48.136,53.713,53.916,53.342,61.57,59.975,69.168,73.198,77.354,81.009,84.63,88.513,92.64,
Solomon Islands,0.183,0.194,0.193,0.181,0.182,0.166,0.148,0.155,0.176,0.173,0.215,0.228,0.269,0.301,0.403,0.469,0.511,0.527,0.458,0.488,0.42,0.41,0.346,0.353,0.398,0.477,0.539,0.62,0.699,0.736,0.847,1.05,1.185,1.286,1.336,1.308,1.379,1.47,1.615,1.619,1.536,1.523,1.566,1.633,1.73,1.835,1.946,2.071,2.204,2.346,
Somalia,no data,no data,no data,no data,no data,no data,no data,no data,no data,no data,no data,no data,no data,no data,no data,no data,no data,no data,no data,no data,no data,no data,no data,no data,no data,no data,no data,no data,no data,no data,no data,5.022,5.183,5.869,6.443,6.841,7.391,8.252,7.873,8.655,8.628,9.484,10.203,10.969,12.729,13.887,15.054,16.265,17.533,18.997,
South Africa,89.412,93.15,85.897,96.205,84.838,64.481,73.399,96.533,104.01,108.07,126.027,135.227,146.97,147.236,153.569,171.736,163.34,169.004,152.885,151.426,151.855,135.527,129.385,197.017,256.188,288.749,304.055,332.65,316.491,331.184,417.315,458.708,434.4,400.877,381.195,346.663,323.493,381.317,405.093,389.245,337.876,420.778,406.755,380.592,403.045,418.046,432.512,446.803,460.933,476.21,
"South Sudan, Republic of",no data,no data,no data,no data,no data,no data,no data,no data,no data,no data,no data,no data,no data,no data,no data,no data,no data,no data,no data,no data,no data,no data,no data,no data,no data,no data,no data,no data,no data,no data,no data,17.34,11.267,14.947,15.178,15.326,2.899,1.804,3.118,4.044,5.423,5.94,8.037,7.178,5.268,5.312,7.097,7.379,7.736,8.362,
Spain,231.048,204.843,197.89,173.072,172.597,181.847,251.618,318.787,374.535,413.106,536.322,577.166,630.91,529.98,531.801,614.713,642.48,590.5,619.541,635.025,598.367,627.803,708.437,907.736,1069.344,1155.306,1261.914,1476.92,1635.936,1494.963,1429.155,1487.307,1331.838,1362.207,1380.6,1206.287,1242.673,1321.288,1432.292,1403.651,1288.751,1462.216,1447.636,1620.558,1731.469,1827.576,1913.163,1986.266,2064.131,2145.861,
Sri Lanka,5.194,5.404,5.834,6.298,7.382,7.302,7.826,8.149,8.518,8.55,9.787,10.716,11.553,12.351,14.245,15.127,16.592,18.544,19.05,19.143,20.007,19.236,20.238,22.352,24.423,28.88,33.447,38.27,48.177,49.75,58.643,67.725,70.392,76.934,82.483,85.091,88,94.376,94.484,89.015,84.304,88.609,74.586,no data,no data,no data,no data,no data,no data,no data,
Sudan,9.095,6.53,4.748,6.485,7.992,5.547,7.4,11.964,9.551,16.853,2.245,2.528,3.1,5.246,5.961,6.694,8.377,10.241,10.924,10.714,13.134,15.716,18.137,21.355,26.646,35.183,45.264,59.44,64.833,54.812,65.716,66.448,48.948,52.892,60.726,64.534,64.888,48.906,33.59,31.484,35.241,35.148,33.52,38.109,29.793,29.994,35.916,39.173,42.264,45.095,
Suriname,1.276,1.427,1.469,1.419,1.387,1.402,1.43,1.573,1.864,2.177,0.577,0.637,0.59,0.465,0.523,0.993,1.234,1.322,1.588,1.308,1.355,1.167,1.474,1.729,2,2.393,2.812,3.144,3.783,4.15,4.677,4.735,5.332,5.51,5.612,5.126,3.317,3.592,3.996,4.016,2.912,3.084,3.631,3.747,4.918,4.957,5.246,5.523,5.724,5.978,
Sweden,139.571,127.406,112.404,103.289,107.628,112.593,148.766,180.937,204.691,215.436,258.395,270.629,281.588,212.646,228.703,267.054,291.954,268.252,270.891,274.319,262.904,242.498,267.373,334.074,384.548,391.691,422.528,490.052,514.617,434.313,492.753,570.541,549.742,584.128,577.73,501.698,514.218,536.084,551.312,532.169,545.148,637.187,579.896,584.914,609.039,638.78,667.508,698.075,728.927,760.93,
Switzerland,122.466,112.129,114.891,114.517,109.4,110.965,159.074,199.086,215.36,208.135,265.911,269.003,279.764,272.006,301.246,353.058,340.259,294.858,303.265,297.579,279.285,286.773,309.594,362.17,403.446,418.222,441.862,491.066,566.968,553.913,598.333,715.799,686.546,706.776,726.692,693.845,687.721,695.505,725.9,721.89,741.311,814.689,828.447,894.811,942.265,999.604,1045.766,1085.66,1134.174,1177.376,
Syria,12.98,16.652,17.415,18.649,19.171,21.177,25.428,32.497,16.538,9.849,12.303,12.738,13.263,13.796,15.105,16.556,17.761,16.573,16.144,16.785,19.861,20.979,22.758,21.702,25.204,28.881,33.824,40.488,52.631,53.939,60.043,no data,no data,no data,no data,no data,no data,no data,no data,no data,no data,no data,no data,no data,no data,no data,no data,no data,no data,no data,
SÃ£o TomÃ© and PrÃ­ncipe,0.069,0.084,0.081,0.076,0.079,0.083,0.117,0.117,0.1,0.099,0.12,0.108,0.096,0.127,0.132,0.104,0.136,0.093,0.073,0.078,0.077,0.072,0.08,0.096,0.104,0.125,0.133,0.145,0.188,0.201,0.191,0.228,0.231,0.269,0.295,0.262,0.294,0.325,0.387,0.416,0.476,0.529,0.546,0.684,0.812,0.952,1.071,1.167,1.267,1.375,
Taiwan Province of China,42.285,48.969,49.535,54.148,61.071,63.617,78.195,105.039,126.473,152.704,166.622,187.14,222.911,236.339,256.247,279.059,292.494,303.284,279.964,303.83,330.68,299.276,307.439,317.381,346.924,374.06,386.45,406.907,415.901,390.829,444.281,483.974,495.61,512.943,535.328,534.515,543.081,590.733,609.198,611.396,673.178,773.038,760.907,755.674,775.017,814.438,859.634,902.076,936.808,956.168,
Tajikistan,no data,no data,no data,no data,no data,no data,no data,no data,no data,no data,no data,no data,0.291,0.678,0.829,0.569,1.052,1.121,1.32,1.087,0.991,1.057,1.212,1.555,2.073,2.311,2.811,3.712,5.135,4.977,5.642,6.523,7.592,8.506,9.242,7.857,6.994,7.535,7.762,8.301,8.134,8.934,10.493,11.855,12.995,14.164,15.445,16.828,18.258,19.808,
Tanzania,10.873,13.005,14.932,15.294,13.915,12.556,15.874,7.821,7.474,6.444,5.172,6.019,5.588,5.17,5.478,6.382,7.889,9.341,11.481,11.777,12.369,12.61,13.123,14.159,15.576,17.174,18.878,21.81,27.779,29.301,31.86,34.369,39.65,45.677,49.982,47.424,49.774,54,54.775,58.797,63.373,67.964,74.173,79.138,79.867,85.477,92.982,101.799,111.649,122.4,
Thailand,33.422,35.999,37.799,41.366,43.179,40.185,44.52,52.204,63.704,74.637,88.467,101.247,115.576,128.889,146.684,169.279,183.035,150.18,113.676,126.669,126.392,120.296,134.301,152.281,172.896,189.264,221.731,262.94,291.299,281.716,341.166,370.877,397.579,420.329,407.35,401.183,413.479,456.336,506.553,543.879,500.501,506.27,495.622,514.836,528.919,545.341,569.517,596.267,624.015,652.658,
Timor-Leste,no data,no data,no data,no data,no data,no data,no data,no data,no data,no data,no data,no data,no data,no data,no data,no data,no data,no data,no data,no data,0.367,0.477,0.47,0.49,0.441,0.462,0.454,0.543,0.648,0.727,0.882,1.042,1.16,1.396,1.447,1.594,1.651,1.616,1.584,2.048,2.163,3.622,3.205,2.379,1.992,2.13,2.275,2.428,2.591,2.762,
Togo,1.994,1.656,1.396,1.33,1.222,1.281,1.795,2.107,2.345,2.302,2.772,2.74,2.873,2.189,1.697,2.24,2.448,2.494,2.361,2.37,2.014,2,2.301,2.854,3.048,3.08,3.173,3.76,4.578,4.717,4.75,5.421,5.417,6.022,6.395,5.756,6.069,6.385,7.033,6.993,7.4,8.338,8.144,9.081,9.766,10.459,11.292,12.129,13.043,14.036,
Tonga,0.071,0.079,0.079,0.077,0.081,0.076,0.09,0.098,0.115,0.139,0.144,0.169,0.178,0.183,0.189,0.207,0.218,0.222,0.212,0.199,0.205,0.181,0.183,0.202,0.231,0.262,0.292,0.299,0.344,0.312,0.367,0.415,0.427,0.407,0.403,0.397,0.382,0.416,0.435,0.445,0.445,0.459,0.475,0.52,0.545,0.571,0.595,0.616,0.638,0.66,
Trinidad and Tobago,6.343,7.113,8.28,7.898,7.891,7.503,4.877,4.88,4.574,4.397,5.155,5.399,5.533,4.656,5.032,5.421,5.859,5.837,6.148,6.926,8.295,8.96,9.148,11.464,13.472,16.17,18.6,21.937,28.193,19.52,22.522,25.789,27.335,28.71,29.698,27.027,23.723,24.04,24.569,23.776,20.808,24.496,30.053,28.024,28.139,29.238,29.814,30.584,31.573,32.6,
Tunisia,9.566,9.223,8.9,9.202,9.054,9.245,9.91,10.663,11.073,11.069,14.133,14.897,17.809,16.724,17.886,20.616,22.324,21.762,22.87,24.066,22.524,23.146,24.274,28.797,32.71,33.851,36.059,40.819,47.039,45.593,46.21,48.122,47.311,48.681,50.273,45.779,44.36,42.167,42.687,41.905,42.494,46.813,44.596,48.541,52.636,54.651,56.702,57.232,57.749,58.571,
Turkmenistan,no data,no data,no data,no data,no data,no data,no data,no data,no data,no data,no data,no data,1.625,9.169,7.765,10.043,4.068,4.584,4.893,6.595,8.587,11.855,14.875,19.533,24.272,29.363,36.577,44.388,36.788,34.562,35.164,44.413,50.252,50.863,56.204,44.944,42.876,45.902,49.299,53.035,52.385,60.934,77.963,77.716,83.883,91.185,99.296,108.379,118.491,129.706,
Tuvalu,no data,no data,no data,no data,no data,no data,no data,no data,no data,no data,no data,no data,no data,no data,no data,no data,no data,no data,no data,no data,0.015,0.014,0.017,0.02,0.023,0.023,0.024,0.029,0.032,0.028,0.033,0.04,0.039,0.039,0.039,0.037,0.041,0.045,0.048,0.054,0.053,0.063,0.064,0.068,0.073,0.079,0.083,0.088,0.092,0.097,
"TÃ¼rkiye, Republic of",96.596,97.865,88.918,84.968,82.642,92.827,102.337,118.926,125.032,147.727,207.508,208.402,219.176,248.573,179.359,233.566,250.486,261.857,277.599,254.024,273.118,202.558,238.15,316.54,407.024,504.8,552.332,682.992,782.851,651.513,777.443,837.924,877.681,958.087,939.924,867.054,869.204,859.02,797.707,760.388,717.114,807.893,905.8,1129.974,1344.318,1455.413,1477.336,1565.506,1660.519,1764.235,
Uganda,7.486,12.12,8.41,9.619,7.399,6.771,6.746,10.878,11.268,9.136,7.452,3.897,3.645,4.311,6.24,7.473,7.713,8.407,8.23,7.823,7.756,7.835,8.425,8.725,10.75,12.46,14.079,17.512,22.419,24.107,24.683,27.501,30.939,32.331,34.754,30.122,30.232,31.589,34.127,37.893,37.897,42.769,47.439,51.093,55.587,62.917,72.434,78.165,84.772,93.432,
Ukraine,no data,no data,no data,no data,no data,no data,no data,no data,no data,no data,no data,no data,22.193,35.025,38.012,38.275,46.083,51.867,43.315,32.661,32.331,37.863,42.339,50.096,64.747,85.996,107.767,143.26,181.313,117.079,136.011,163.059,175.781,183.31,133.392,90.922,93.349,112.064,130.959,154.14,156.579,199.868,160.874,178.34,184.099,189.827,207.4,221.253,234.533,249.394,
United Arab Emirates,41.725,46.461,43.205,39.588,39.245,38.519,30.526,33.519,34.069,39.325,50.682,49.3,51.952,52.144,57.395,63.432,72.853,77.167,75.304,84.42,102.987,103.312,109.816,124.346,147.812,180.616,222.117,257.883,315.464,253.547,300.189,360.833,384.61,400.219,414.105,370.276,369.255,390.517,427.049,417.99,349.473,415.179,502.732,514.13,545.053,568.567,601.759,636.705,673.519,712.688,
United Kingdom,604.697,588.342,559.326,532.925,504.939,537.2,655.035,814.102,989.706,1007.623,1197.021,1248.625,1289.587,1155.162,1241.72,1344.504,1421.099,1561.239,1653.852,1688.248,1668.69,1650.252,1788.549,2056.294,2422.619,2546.038,2712.257,3091.695,2960.39,2421.476,2487.924,2664.719,2707.571,2786.665,3066.304,2928.558,2699.086,2682.384,2875.024,2853.074,2698.705,3144.079,3125.404,3382.115,3587.545,3730.261,3873.119,4023.533,4190.028,4371.806,
United States,2857.325,3207.025,3343.8,3634.025,4037.65,4339,4579.625,4855.25,5236.425,5641.6,5963.125,6158.125,6520.325,6858.55,7287.25,7639.75,8073.125,8577.55,9062.825,9631.175,10250.95,10581.925,10929.1,11456.45,12217.175,13039.2,13815.6,14474.25,14769.85,14478.05,15048.975,15599.725,16253.95,16880.675,17608.125,18295,18804.9,19612.1,20656.525,21539.975,21354.125,23681.175,26006.9,27720.725,29167.779,30337.162,31526.939,32786.79,34096.034,35457.964,
Uruguay,12.217,13.636,11.147,6.119,5.819,5.686,7.059,8.832,9.137,9.63,11.204,13.502,15.515,18.064,21.04,23.267,24.73,26.155,27.704,26.178,24.892,22.802,14.863,13.159,14.959,18.986,21.416,25.603,33.151,34.565,43.967,52.354,55.938,62.857,62.546,58.218,57.58,65.068,65.37,62.23,53.666,60.762,70.165,77.241,82.482,86.423,90.427,94.785,99.514,104.371,
Uzbekistan,no data,no data,no data,no data,no data,no data,no data,no data,no data,no data,no data,no data,4.476,6.897,8.175,12.746,17.453,18.433,18.738,21.362,17.195,14.581,12.106,12.697,15.045,17.939,21.344,27.963,35.858,41.945,49.772,60.213,67.52,73.192,80.848,85.662,85.658,69.703,58.696,67.294,66.443,77.34,90.125,101.584,112.653,127.407,141.221,155.436,171.557,189.881,
Vanuatu,0.121,0.114,0.114,0.117,0.144,0.132,0.128,0.139,0.158,0.154,0.169,0.201,0.209,0.2,0.234,0.249,0.261,0.273,0.262,0.268,0.272,0.257,0.262,0.315,0.365,0.39,0.435,0.517,0.582,0.59,0.652,0.738,0.736,0.755,0.774,0.744,0.775,0.88,0.929,0.93,1.008,0.921,1.039,1.123,1.169,1.214,1.265,1.323,1.377,1.433,
Venezuela,69.841,78.367,79.998,79.672,57.826,59.865,60.877,46.854,60.378,44.672,48.391,53.382,60.4,59.865,58.357,77.427,70.536,85.684,91.836,97.517,117.596,123.119,95.258,83.684,112.254,143.375,178.521,232.857,306.764,268.624,318.281,316.482,372.592,258.931,214.69,125.449,112.915,115.883,102.021,73.003,43.788,57.666,92.104,99.203,106.327,109.957,no data,no data,no data,no data,
Vietnam,35.357,17.617,23.369,35.204,61.171,19.045,43.009,53.385,29.501,7.991,8.217,9.704,12.528,16.736,20.712,26.407,31.352,34.146,34.58,36.444,39.585,41.297,44.563,50.233,62.877,73.197,84.301,98.426,124.756,129.022,143.212,171.312,195.169,212.728,232.888,236.795,252.146,277.071,304.47,331.818,346.31,370.076,407.965,433.702,468.485,506.426,545.101,585.992,628.634,671.732,
West Bank and Gaza,no data,no data,no data,no data,no data,no data,no data,no data,no data,no data,no data,no data,no data,no data,2.843,3.283,3.41,3.76,4.068,4.271,4.314,4.004,3.556,3.968,4.603,5.126,5.348,5.816,7.31,8.086,9.682,11.186,12.208,13.515,13.99,13.972,15.405,16.128,16.277,17.134,15.532,18.109,19.166,17.421,no data,no data,no data,no data,no data,no data,
Yemen,no data,no data,no data,no data,no data,no data,no data,no data,no data,no data,12.644,14.665,17.959,21.737,28.019,12.796,6.496,6.838,6.322,7.639,9.679,9.853,10.693,11.778,13.868,16.732,19.063,21.651,26.911,25.13,30.907,32.726,35.401,40.415,43.229,42.444,31.318,26.842,21.606,21.888,20.22,19.394,23.534,18.806,16.192,16.219,18.192,21.05,22.941,24.52,
Zambia,4.246,4.385,4.232,3.653,3.003,2.848,1.962,2.431,4.095,4.365,4.085,3.69,3.614,3.549,3.657,3.799,3.599,4.303,3.538,3.405,3.601,3.87,4.194,4.902,6.221,8.329,12.762,14.06,17.914,15.332,20.264,23.455,25.502,28.042,27.145,21.245,20.965,25.874,26.312,23.309,18.138,22.096,29.122,28.163,25.913,31.832,36.811,41.141,44.482,47.826,
Zimbabwe,no data,no data,no data,no data,no data,no data,no data,no data,no data,no data,10.143,9.45,7.793,7.569,7.959,8.263,10.117,10.386,12.099,11.768,11.34,11.243,10.734,9.573,9.465,9.045,8.141,7.784,6.707,9.666,12.042,14.102,17.115,19.091,19.496,19.963,20.549,22.04,36.922,26.033,26.878,36.016,32.527,35.231,35.919,36.933,37.189,38.064,38.692,39.333,
Africa (Region),472.962,482.864,488.907,470.344,412.907,406.64,445.601,499.318,529.603,569.152,663.427,612.414,612.962,613.129,600.263,712.385,795.493,825.775,834.112,691.573,711.279,689.507,704.841,850.439,1019.15,1195.298,1381.402,1605.978,1880.365,1792.327,2094.417,2343.226,2503.719,2599.347,2700.956,2465.802,2343.461,2364.425,2519.69,2603.459,2492.845,2781.699,3001.207,2867.955,2780.597,2822.919,3037.088,3241.346,3466.961,3696.032,
Asia and Pacific,2365.119,2529.479,2461.237,2615.52,2773.055,2825.689,3601.239,4274.622,5098.701,5301.959,5527.926,6095.4,6680.213,7523.535,8163.078,9276.896,9057.515,8712.382,7878.187,8750.009,9372.058,8746.405,8982.409,10029.268,11312.707,12234.893,13101.517,14974.31,16937.83,17391.247,20306.269,23387.976,24851.521,25242.038,26177.868,25972.589,27038.874,28989.43,31135.721,31902.78,31988.067,36575.973,36506.958,37036.239,38348.143,41024.438,43622.482,46284.209,49124.799,51978.525,
Australia and New Zealand,185.496,211.904,210.309,201.984,219.536,196.944,208.929,250.108,316.63,352.429,369.918,367.856,359.516,354.096,406.293,441.412,493.845,495.21,438.298,470.874,454.43,431.205,487.538,623.599,760.375,849.701,893.19,1084.968,1191.947,1122.538,1400.049,1682.538,1745.356,1707.261,1657.51,1410.784,1449.568,1586.294,1628.881,1598.853,1575.099,1908.15,1966.609,1989.308,2054.243,2144.064,2239.71,2326.681,2423.871,2531.323,
Caribbean,18.191,19.896,21.961,21.887,21.902,22.353,21.331,20.252,20.665,22.265,22.621,22.509,22.27,22.987,26.099,31.888,34.452,37.232,40.083,42.705,44.901,45.312,47.004,48.589,53.876,60.995,66.636,75.379,84.978,74.786,80.105,86.789,91.476,93.954,95.979,94.063,88.745,92.364,96.674,95.811,83.523,99.998,118.832,124.403,141.863,151.571,161.327,166.863,173.283,180.34,
Central America,35.209,35.229,35.787,37.585,44.79,38.87,38.316,37.983,36.255,40.982,37.458,46.358,52.374,57.175,62.432,69.567,74.434,81.209,87.95,89.148,94.402,99.668,105.104,103.013,110.196,132.112,144.738,164.763,185.594,185.551,206.519,231.867,250.099,265.301,282.947,302.966,319.717,338.439,351.63,364.628,336.903,384.424,434.154,482.2,513.099,546.693,583.248,622.368,664.206,708.736,
Central Asia and the Caucasus,96.596,97.865,88.918,84.968,82.642,92.827,102.337,118.926,125.032,147.727,207.508,208.402,230.662,273.278,212.873,280.721,303.837,319.492,336.217,310.505,329.879,264.633,309.054,401.816,516.452,644.893,739.176,928.983,1083.182,929.075,1110.783,1257.357,1335.139,1457.59,1440.528,1295.414,1230.674,1244.927,1196.888,1178.37,1114.925,1263.299,1459.985,1742.8,1996.266,2151.706,2223.673,2368.057,2520.136,2686.759,
East Asia,1573.985,1692.365,1609.301,1754.344,1858.507,1944.718,2664.967,3221.518,3931.475,4049.252,4122.323,4682.796,5169.956,5918.753,6433.639,7288.784,6869.623,6523.457,5969.16,6710.163,7275.154,6745.938,6773.594,7385.369,8183.165,8651.164,9033.736,9978.886,11418.249,11970.8,13665.728,15775.497,16917.806,17073.147,17816.503,17953.172,18684.485,19849.846,21691.08,22198.317,22692.546,25898.799,25056.571,24973.734,25413.804,27135.09,28755.383,30305.375,31924.069,33446.494,
Eastern Europe ,165.523,175.648,189.517,191.755,184.588,182.672,188.526,192.748,228.064,222.139,167.19,148.694,291.572,453.897,599.713,772.871,890.198,936.829,816.811,704.22,766.269,867.497,980.487,1196.896,1524.85,1865.576,2262.15,2925.425,3655.804,2859.125,3236.084,3832.067,3888.939,4070.111,3831.07,2887.615,2832.81,3308.157,3612.216,3710.666,3494.543,4167.26,4602.415,4691.488,5021.184,5204.838,5437.032,5660.474,5890.483,6113.635,
Europe,4007.467,3607.829,3493.176,3404.056,3271.111,3385.424,4556.557,5597.616,6267.253,6366.803,7796.416,8264.343,9117.342,8474.745,9113.853,10541.286,10845.008,10299.015,10471.47,10380.587,9766.821,9933.322,10859.744,13187.363,15323.942,16243.962,17560.871,20472.618,22513.639,19789.513,20109.024,22148.727,21198.304,22093.895,22452.236,19284.229,19285.616,20519.409,22125.935,21846.883,21137.033,24235.998,24219.105,25802.398,27096.28,28219.707,29337.812,30357.952,31432.32,32534.51,
Middle East (Region),365.795,429.408,417.245,425.324,421.959,423.827,430.427,520.223,550.433,626.986,885.325,625.722,405.073,426.124,474.634,534.385,616.183,662.768,657.188,764.066,969.023,920.183,734.852,821.288,981.101,1197.715,1413.194,1680.324,2109.044,1868.761,2217.607,2659.313,2633.541,2747.491,2829.795,2461.72,2491.636,2678.363,2802.256,2716.085,2346.74,2841.976,3497.567,3363.296,3529.223,3657.074,3872.074,4086.806,4305.376,4536.722,
North Africa,143.043,137.188,142.105,148.661,153.868,171.096,177.022,203.441,213.624,239.819,241.68,183.912,187.334,187.729,186.731,205.495,227.924,233.893,240.52,254.299,268.245,262.741,242.89,270.813,306.06,351.346,406.423,474.108,585.135,555.528,630.281,672.055,767.824,772.539,787.365,742.524,738.053,664.69,704.372,751.318,758.04,833.236,919.691,870.828,894.711,881.391,945.029,1008.175,1076.852,1149.764,
North America,3389.979,3841.238,3900.909,4177.174,4630.542,4955.745,5140.043,5487.108,5985.876,6497.755,6897.431,7171.698,7576.992,8004.758,8460.472,8668.52,9181.222,9804.197,10308.4,10998.673,11799.344,12186.616,12572.461,13193.433,14143.43,15214.191,16242.497,17135.025,17577.907,16894.382,17870.126,18722.417,19438.988,20157.157,20880.829,21168.178,21549.466,22555.533,23739.083,24694.027,24233.774,27108.144,29745.274,31769.92,33351.671,34607.522,36002.46,37468.295,38988.736,40561.835,
Pacific Islands ,5.925,5.89,5.639,5.535,5.337,4.991,5.437,5.707,7.229,7.165,6.952,7.91,9.035,10.063,11.104,10.519,11.244,10.921,8.646,8.471,8.235,7.516,7.538,9.306,10.749,12.325,13.609,15.376,17.947,17.124,20.364,25.221,28.926,29.248,31.578,29.872,29.276,31.971,33.783,34.319,32.363,34.454,40.764,40.858,42.494,43.823,45.318,46.964,48.861,50.621,
South America,581.096,583.981,494.458,463.468,454.181,500.145,564.531,599.011,667.453,731.017,812.063,833.763,891.88,963.205,1146.486,1433.863,1538.986,1636.37,1615.772,1303.779,1378.406,1266.259,996.146,1073.371,1296.606,1656.004,2014.189,2505.398,3045.338,2933.096,3763.581,4404.926,4451.696,4433.435,4317.656,3521.697,3420.213,3874.402,3654.178,3476.095,2857.827,3323.702,3841.067,4169.018,4225.38,4377.976,4616.338,4846.974,5092.318,5345.072,
South Asia,257.208,273.45,283.385,298.216,300.023,323.764,341.535,377.641,405.016,412.495,442.076,402.844,427.363,424.648,478.2,532.32,574.63,600.928,608.772,642.835,657.303,671.957,706.543,823.201,953.157,1085.315,1234.373,1549.237,1576.976,1719.755,2091.416,2301.606,2334.39,2399.419,2628.478,2752.901,2992.796,3415.06,3516.116,3639.45,3473.194,4065.419,4313.321,4491.294,4856.741,5298.308,5811.471,6381.265,7014.958,7717.742,
Southeast Asia,245.909,248.004,263.685,270.473,307.009,262.444,278.034,300.721,313.319,332.892,379.15,425.592,483.68,542.698,620.968,723.139,804.336,762.373,517.094,607.162,647.056,625.157,698.141,785.977,888.809,991.495,1187.433,1416.86,1649.53,1631.956,2017.929,2345.756,2489.904,2575.373,2603.271,2530.447,2652.075,2861.332,3068.974,3253.47,3099.94,3405.851,3669.709,3798.244,3984.595,4251.447,4546.927,4855.866,5192.904,5545.586,
Sub-Saharan Africa (Region) ,329.918,345.676,346.803,321.683,259.04,235.544,268.579,295.877,315.98,329.333,421.747,428.501,425.628,425.399,413.532,506.889,567.569,591.882,593.592,437.274,443.034,426.766,461.95,579.626,713.09,843.953,974.979,1131.869,1295.23,1236.8,1464.137,1671.171,1735.895,1826.808,1913.591,1723.278,1605.409,1699.735,1815.318,1852.141,1734.805,1948.463,2081.516,1997.126,1885.886,1941.527,2092.06,2233.171,2390.11,2546.268,
Western Europe,3841.944,3432.181,3303.659,3212.301,3086.523,3202.752,4368.032,5404.867,6039.189,6144.664,7629.225,8115.649,8825.77,8020.848,8514.14,9768.416,9954.81,9362.185,9654.66,9676.367,9000.552,9065.825,9879.257,11990.467,13799.092,14378.387,15298.721,17547.193,18857.835,16930.388,16872.94,18316.66,17309.365,18023.784,18621.166,16396.614,16452.806,17211.251,18513.719,18136.218,17642.49,20068.737,19616.69,21110.909,22075.096,23014.87,23900.779,24697.478,25541.838,26420.875,
Western Hemisphere (Region),4024.476,4480.344,4453.115,4700.115,5151.415,5517.113,5764.222,6144.355,6710.25,7292.019,7769.573,8074.328,8543.517,9048.124,9695.489,10203.839,10829.094,11559.008,12052.205,12434.306,13317.052,13597.855,13720.715,14418.406,15604.109,17063.302,18468.059,19880.565,20893.818,20087.815,21920.331,23446,24232.259,24949.846,25577.411,25086.904,25378.141,26860.738,27841.565,28630.56,27512.027,30916.268,34139.327,36545.541,38232.012,39683.762,41363.374,43104.501,44918.543,46795.984,
ASEAN-5,208.639,229.269,239.197,233.223,242.907,234.883,228.952,241.508,278.672,318.986,363.369,406.573,460.837,515.3,588.415,682.569,758.546,714.207,467.858,553.957,587.767,564.573,633.787,712.337,798.144,885.755,1064.94,1272.687,1466.161,1442.422,1803.078,2079.603,2191.371,2252.201,2253.38,2177.837,2284.293,2462.802,2631.342,2781.881,2608.251,2894.763,3125.132,3224.286,3372.027,3595.604,3844.312,4102.379,4385.532,4682.628,
Advanced economies,8480.672,8616.056,8555.257,8903.058,9310.663,9802.971,11971.154,13919.655,15723.948,16404.195,18412.004,19667.969,21161.984,21330.703,22917.252,25386.525,25569.176,25071.192,25154.169,26500.127,26963.822,26690.444,27848.91,31245.849,34669.549,36495.443,38384.366,41935.56,44303.754,41802.238,43660.011,46889.69,46709.437,47175.646,48288.303,45710.602,46952.89,49014.751,51863.074,52399.574,51527.538,57538.235,58806.296,62129.487,64681.709,67561.045,70300.608,72964.042,75782.827,78608.069,
Emerging and Developing Asia,764.076,758.85,774.462,818.092,859.261,835.446,858.956,940.084,1049.396,1118.529,1123.279,1132.753,1282.323,1451.039,1514.554,1811.917,2052.654,2131.736,1973.024,2165.907,2324.275,2453.501,2689.29,3067.434,3557.501,4109.284,4883.116,6176.93,7432.207,8081.869,9734.921,11666.052,12860.754,14076.158,15214.392,15831.317,16280.491,17903.701,19741.915,20585.161,20832.525,24498.848,25017.316,25271.097,26276.864,28196.247,30250.095,32319.92,34502.187,36766.302,
Emerging and Developing Europe,262.119,273.513,278.435,276.722,267.23,275.499,290.862,311.675,353.096,369.866,374.699,357.096,489.201,660.233,722.674,867.779,988.507,1049.564,934.296,801.262,891.126,912.377,1032.664,1277.175,1647.038,2049.499,2447.026,3145.641,3877.46,3023.664,3528.997,4136.414,4269.765,4513.272,4249.586,3297.207,3227.913,3647.099,3824.569,3879.711,3627.075,4300.18,4818.061,5041.203,5556.849,5804.54,6015.336,6287.983,6571.793,6855.573,
Emerging market and developing economies,2755.146,2913.869,2758.423,2712.301,2719.785,2755.722,2826.892,3116.478,3432.291,3752.724,4230.662,4004.237,4197.124,4754.955,5130.064,5882.485,6574.333,6988.071,6739.322,6520.744,7175.138,7206.73,7164.302,8073.097,9586.401,11456.338,13560.206,16702.194,20057.845,19154.726,23021.943,27144.539,28765.306,30521.971,31519.269,29619.727,29644.951,32464.444,34634.119,35372.918,33991.924,39864.674,42603.07,43555.634,45383.206,47933.267,51024.845,54208.894,57568.943,61043.548,
Euro area,no data,no data,no data,no data,no data,no data,no data,no data,no data,no data,no data,6114.699,6743.626,6129.387,6474.624,7641.512,7760.426,6970.111,7135.488,7154.319,6525.12,6621.795,7225.41,8904.607,10210.254,10601.683,11270.219,12985.332,14284.644,13057.033,12784.351,13789.822,12783.046,13346.064,13671.553,11817.521,12108.592,12825.308,13861.869,13572.908,13229.445,14885.777,14387.732,15682.849,16370.212,17082.558,17751.025,18314.836,18901.05,19509.426,
European Union,3210.486,2837.991,2750.765,2689.875,2589.531,2666.495,3657.155,4482.069,4951.612,5039.932,6204.968,6616.561,7299.302,6672.856,7082.816,8290.975,8426.322,7738.035,7973.592,7942.939,7289.66,7403.04,8090.796,9949.065,11438.498,11954.984,12763.168,14790.108,16369.368,14837.588,14655.285,15870.872,14743.531,15402.091,15769.415,13658.69,13988.192,14867.334,16094.376,15802.16,15479.85,17493.639,16992.23,18579.215,19403.162,20287.33,21122.21,21848.952,22596.601,23373.637,
Latin America and the Caribbean,876.65,950.117,777.912,706.95,737.875,791.64,783.613,832.087,938.267,1054.927,1179.755,1271.402,1394.185,1573.593,1788.635,1915.501,2080.03,2278.261,2301.29,2066.873,2259.769,2207.294,1958.921,1990.523,2280.138,2766.683,3245.828,3847.896,4477.464,4136.87,5155.629,5952.597,6048.382,6120.126,6061.089,5132.02,4940.908,5495.926,5358.782,5241.734,4399.085,5121.194,5857.377,6564.443,6728.466,6894.058,7266.192,7630.325,8015.34,8410.199,
Major advanced economies (G7),6899.738,7116.547,7084.008,7476.475,7867.149,8339.916,10092.714,11599.296,13042.348,13538.536,14971.837,16042.961,17228.793,17575.068,18798.778,20505.266,20470.046,20205.15,20473.246,21594.537,22112.21,21854.685,22533.721,24879.158,27331.248,28544.573,29771.997,31977.972,33541.878,31945.782,33179.381,35291.545,35446.386,35503.783,36379.787,34937.26,35928.783,37194.333,39234.801,39955.338,39251.359,43372.877,44635.745,47346.463,49300.856,51451.646,53480.449,55476.216,57603.158,59726.466,
Middle East and Central Asia,531.478,592.242,585.559,595.338,604.372,623.14,632.282,748.721,785.104,896.922,1135.857,819.717,611.722,652.439,699.266,789.885,896.776,949.647,950.793,1062.888,1272.628,1225.066,1042.228,1182.628,1418.578,1726.035,2059.61,2464.817,3046.837,2736.486,3211.156,3793.275,3908.08,4047.876,4150.172,3709.045,3664.137,3776.477,3937.511,3856.637,3445.323,4043.648,4875.611,4734.534,4980.028,5142.633,5453.759,5794.442,6150.927,6530.354,
Other advanced economies,776.681,792.517,787.705,786.566,824.785,822.452,1002.695,1234.647,1456.866,1585.469,1826.481,1941.25,2071.524,2047.634,2300.245,2712.876,2893.52,2802.683,2525.131,2707.942,2800.172,2716.2,2955.345,3403.893,3888.962,4292.285,4651.311,5319.442,5612.985,5160.602,5946.533,6791.018,6848.143,7086.172,7220.494,6650.084,6791.123,7299.798,7688.832,7556.87,7515.723,8742.162,8789.585,8897.231,9183.356,9599.703,10023.639,10438.729,10868.694,11295.67,
Sub-Saharan Africa,320.823,339.147,342.054,315.198,251.048,229.997,261.179,283.912,306.429,312.48,417.073,423.269,419.692,417.651,404.935,497.404,556.365,578.862,579.919,423.814,427.34,408.492,441.199,555.338,683.145,804.838,924.627,1066.91,1223.877,1175.837,1391.241,1596.2,1678.325,1764.54,1844.029,1650.138,1531.502,1641.241,1771.342,1809.675,1687.915,1900.803,2034.706,1944.358,1840.998,1895.789,2039.463,2176.224,2328.696,2481.12,
World,11235.818,11529.924,11313.68,11615.359,12030.448,12558.693,14798.046,17036.133,19156.24,20156.919,22642.667,23672.207,25359.107,26085.657,28047.317,31269.011,32143.509,32059.262,31893.491,33020.872,34138.96,33897.174,35013.212,39318.946,44255.95,47951.782,51944.573,58637.753,64361.599,60956.964,66681.954,74034.228,75474.742,77697.617,79807.571,75330.329,76597.84,81479.196,86497.192,87772.492,85519.462,97402.909,101409.366,105685.121,110064.915,115494.312,121325.453,127172.936,133351.77,139651.617,
,,,,,,,,,,,,,,,,,,,,,,,,,,,,,,,,,,,,,,,,,,,,,,,,,,,
"Â©IMF, 2024",,,,,,,,,,,,,,,,,,,,,,,,,,,,,,,,,,,,,,,,,,,,,,,,,,,
,,,,,,,,,,,,,,,,,,,,,,,,,,,,,,,,,,,,,,,,,,,,,,,,,,,
